CODETEAM,COMMENT,DORSAL,MARKERTIME,MINUTE,NUMBEROFPLAY,PLAYER,PLAYER_ID,PLAYINFO,PLAYTYPE,POINTS_A,POINTS_B,TEAM,TYPE,home_team,home_team_code,away_team,away_team_code
          ,,,,1,57,,          ,Begin Period,BP,,,,0,Unicaja Malaga,MAL,CSKA Moscow,CSK
CSK       ,,22,09:46,1,58,"HIGGINS, CORY",P006450   ,Two Pointer (1/1 -  2 pt),2FGM,,2.0,CSKA Moscow,0,Unicaja Malaga,MAL,CSKA Moscow,CSK
MAL       ,,17,09:35,1,59,"SHERMADINI, GIORGI",P001386   ,Turnover (1),TO,,,Unicaja Malaga,0,Unicaja Malaga,MAL,CSKA Moscow,CSK
CSK       ,,41,09:35,1,60,"KURBANOV, NIKITA",PJLX      ,Steal (1),ST,,,CSKA Moscow,0,Unicaja Malaga,MAL,CSKA Moscow,CSK
CSK       ,,41,09:35,1,61,"KURBANOV, NIKITA",PJLX      ,Two Pointer (1/1 -  2 pt),2FGM,,4.0,CSKA Moscow,0,Unicaja Malaga,MAL,CSKA Moscow,CSK
CSK       ,,42,09:12,1,62,"HINES, KYLE",P002812   ,Foul (1),CM,,,CSKA Moscow,0,Unicaja Malaga,MAL,CSKA Moscow,CSK
MAL       ,,17,09:12,1,63,"SHERMADINI, GIORGI",P001386   ,Foul Drawn (1),RV,,,Unicaja Malaga,0,Unicaja Malaga,MAL,CSKA Moscow,CSK
MAL       ,,3,08:55,2,65,"MCCALLUM, RAY",P008002   ,Missed Three Pointer (0/1 -  0 pt),3FGA,,,Unicaja Malaga,0,Unicaja Malaga,MAL,CSKA Moscow,CSK
CSK       ,,20,08:51,2,66,"VORONTSEVICH, ANDREY",PLHI      ,Def Rebound (1),D,,,CSKA Moscow,0,Unicaja Malaga,MAL,CSKA Moscow,CSK
CSK       ,,20,08:47,2,67,"VORONTSEVICH, ANDREY",PLHI      ,Three Pointer (1/1 -  3 pt),3FGM,,7.0,CSKA Moscow,0,Unicaja Malaga,MAL,CSKA Moscow,CSK
CSK       ,,1,08:44,2,68,"DE COLO, NANDO",P002100   ,Assist (1),AS,,,CSKA Moscow,0,Unicaja Malaga,MAL,CSKA Moscow,CSK
MAL       ,,11,08:29,2,69,"DIEZ, DANIEL",P003198   ,Two Pointer (1/1 -  2 pt),2FGM,2.0,7.0,Unicaja Malaga,0,Unicaja Malaga,MAL,CSKA Moscow,CSK
CSK       ,,22,08:09,2,70,"HIGGINS, CORY",P006450   ,Two Pointer (2/2 -  4 pt),2FGM,2.0,9.0,CSKA Moscow,0,Unicaja Malaga,MAL,CSKA Moscow,CSK
MAL       ,,3,07:56,3,72,"MCCALLUM, RAY",P008002   ,Assist (1),AS,,,Unicaja Malaga,0,Unicaja Malaga,MAL,CSKA Moscow,CSK
MAL       ,,17,07:51,3,73,"SHERMADINI, GIORGI",P001386   ,Two Pointer (1/1 -  2 pt),2FGM,4.0,9.0,Unicaja Malaga,0,Unicaja Malaga,MAL,CSKA Moscow,CSK
CSK       ,,1,07:44,3,74,"DE COLO, NANDO",P002100   ,Offensive Foul (1),OF,,,CSKA Moscow,0,Unicaja Malaga,MAL,CSKA Moscow,CSK
CSK       ,,1,07:44,3,75,"DE COLO, NANDO",P002100   ,Turnover (1),TO,,,CSKA Moscow,0,Unicaja Malaga,MAL,CSKA Moscow,CSK
MAL       ,,10,07:44,3,76,"SALIN, SASU",P002820   ,Foul Drawn (1),RV,,,Unicaja Malaga,0,Unicaja Malaga,MAL,CSKA Moscow,CSK
MAL       ,,3,07:44,3,77,"MCCALLUM, RAY",P008002   ,Out,OUT,,,Unicaja Malaga,0,Unicaja Malaga,MAL,CSKA Moscow,CSK
MAL       ,,9,07:44,3,78,"DIAZ, ALBERTO",P004213   ,In,IN,,,Unicaja Malaga,0,Unicaja Malaga,MAL,CSKA Moscow,CSK
MAL       ,,10,07:44,3,79,"SALIN, SASU",P002820   ,Missed Two Pointer (0/1 -  0 pt),2FGA,,,Unicaja Malaga,0,Unicaja Malaga,MAL,CSKA Moscow,CSK
CSK       ,,,07:44,3,80,,          ,Def Rebound (1),D,,,CSKA Moscow,0,Unicaja Malaga,MAL,CSKA Moscow,CSK
MAL       ,,17,07:44,3,81,"SHERMADINI, GIORGI",P001386   ,Foul (1),CM,,,Unicaja Malaga,0,Unicaja Malaga,MAL,CSKA Moscow,CSK
CSK       ,,20,07:44,3,82,"VORONTSEVICH, ANDREY",PLHI      ,Foul Drawn (1),RV,,,CSKA Moscow,0,Unicaja Malaga,MAL,CSKA Moscow,CSK
CSK       ,,20,07:35,3,83,"VORONTSEVICH, ANDREY",PLHI      ,Three Pointer (2/2 -  6 pt),3FGM,4.0,12.0,CSKA Moscow,0,Unicaja Malaga,MAL,CSKA Moscow,CSK
CSK       ,,22,07:35,3,84,"HIGGINS, CORY",P006450   ,Assist (1),AS,,,CSKA Moscow,0,Unicaja Malaga,MAL,CSKA Moscow,CSK
MAL       ,,10,07:07,3,85,"SALIN, SASU",P002820   ,Missed Three Pointer (0/1 -  0 pt),3FGA,,,Unicaja Malaga,0,Unicaja Malaga,MAL,CSKA Moscow,CSK
CSK       ,,42,07:05,3,86,"HINES, KYLE",P002812   ,Def Rebound (1),D,,,CSKA Moscow,0,Unicaja Malaga,MAL,CSKA Moscow,CSK
CSK       ,,41,06:51,4,88,"KURBANOV, NIKITA",PJLX      ,Missed Three Pointer (0/1 -  2 pt),3FGA,,,CSKA Moscow,0,Unicaja Malaga,MAL,CSKA Moscow,CSK
MAL       ,,17,06:46,4,89,"SHERMADINI, GIORGI",P001386   ,Def Rebound (1),D,,,Unicaja Malaga,0,Unicaja Malaga,MAL,CSKA Moscow,CSK
MAL       ,,17,06:41,4,90,"SHERMADINI, GIORGI",P001386   ,Missed Two Pointer (1/2 -  2 pt),2FGA,,,Unicaja Malaga,0,Unicaja Malaga,MAL,CSKA Moscow,CSK
CSK       ,,41,06:38,4,91,"KURBANOV, NIKITA",PJLX      ,Def Rebound (1),D,,,CSKA Moscow,0,Unicaja Malaga,MAL,CSKA Moscow,CSK
CSK       ,,22,06:32,4,92,"HIGGINS, CORY",P006450   ,Missed Two Pointer (2/3 -  4 pt),2FGA,,,CSKA Moscow,0,Unicaja Malaga,MAL,CSKA Moscow,CSK
MAL       ,,17,06:29,4,93,"SHERMADINI, GIORGI",P001386   ,Def Rebound (2),D,,,Unicaja Malaga,0,Unicaja Malaga,MAL,CSKA Moscow,CSK
MAL       ,,9,06:26,4,94,"DIAZ, ALBERTO",P004213   ,Missed Three Pointer (0/1 -  0 pt),3FGA,,,Unicaja Malaga,0,Unicaja Malaga,MAL,CSKA Moscow,CSK
CSK       ,,41,06:26,4,95,"KURBANOV, NIKITA",PJLX      ,Def Rebound (2),D,,,CSKA Moscow,0,Unicaja Malaga,MAL,CSKA Moscow,CSK
MAL       ,,10,06:26,4,96,"SALIN, SASU",P002820   ,Foul (1),CM,,,Unicaja Malaga,0,Unicaja Malaga,MAL,CSKA Moscow,CSK
CSK       ,,1,06:26,4,97,"DE COLO, NANDO",P002100   ,Foul Drawn (1),RV,,,CSKA Moscow,0,Unicaja Malaga,MAL,CSKA Moscow,CSK
MAL       ,,17,06:15,4,98,"SHERMADINI, GIORGI",P001386   ,Out,OUT,,,Unicaja Malaga,0,Unicaja Malaga,MAL,CSKA Moscow,CSK
MAL       ,,40,06:15,4,99,"AUGUSTINE, JAMES",P001438   ,In,IN,,,Unicaja Malaga,0,Unicaja Malaga,MAL,CSKA Moscow,CSK
CSK       ,,1,06:15,4,100,"DE COLO, NANDO",P002100   ,Free Throw In (1/1 -  1 pt),FTM,4.0,13.0,CSKA Moscow,0,Unicaja Malaga,MAL,CSKA Moscow,CSK
CSK       ,,1,06:15,4,101,"DE COLO, NANDO",P002100   ,Free Throw In (2/2 -  2 pt),FTM,4.0,14.0,CSKA Moscow,0,Unicaja Malaga,MAL,CSKA Moscow,CSK
MAL       ,,9,06:01,4,102,"DIAZ, ALBERTO",P004213   ,Turnover (1),TO,,,Unicaja Malaga,0,Unicaja Malaga,MAL,CSKA Moscow,CSK
CSK       ,,1,05:59,5,104,"DE COLO, NANDO",P002100   ,Steal (1),ST,,,CSKA Moscow,0,Unicaja Malaga,MAL,CSKA Moscow,CSK
CSK       ,,1,05:57,5,105,"DE COLO, NANDO",P002100   ,Missed Two Pointer (0/1 -  2 pt),2FGA,,,CSKA Moscow,0,Unicaja Malaga,MAL,CSKA Moscow,CSK
MAL       ,,11,05:54,5,106,"DIEZ, DANIEL",P003198   ,Def Rebound (1),D,,,Unicaja Malaga,0,Unicaja Malaga,MAL,CSKA Moscow,CSK
MAL       ,,9,05:44,5,107,"DIAZ, ALBERTO",P004213   ,Three Pointer (1/2 -  3 pt),3FGM,7.0,14.0,Unicaja Malaga,0,Unicaja Malaga,MAL,CSKA Moscow,CSK
CSK       ,,22,05:26,5,108,"HIGGINS, CORY",P006450   ,Missed Two Pointer (2/4 -  4 pt),2FGA,,,CSKA Moscow,0,Unicaja Malaga,MAL,CSKA Moscow,CSK
MAL       ,,23,05:24,5,109,"BROOKS, JEFF",P004117   ,Def Rebound (1),D,,,Unicaja Malaga,0,Unicaja Malaga,MAL,CSKA Moscow,CSK
MAL       ,,10,05:17,5,110,"SALIN, SASU",P002820   ,Missed Three Pointer (0/2 -  0 pt),3FGA,,,Unicaja Malaga,0,Unicaja Malaga,MAL,CSKA Moscow,CSK
CSK       ,,42,05:15,5,111,"HINES, KYLE",P002812   ,Def Rebound (2),D,,,CSKA Moscow,0,Unicaja Malaga,MAL,CSKA Moscow,CSK
CSK       ,,42,05:11,5,112,"HINES, KYLE",P002812   ,Missed Two Pointer (0/1 -  0 pt),2FGA,,,CSKA Moscow,0,Unicaja Malaga,MAL,CSKA Moscow,CSK
CSK       ,,41,05:06,5,113,"KURBANOV, NIKITA",PJLX      ,Off Rebound (1),O,,,CSKA Moscow,0,Unicaja Malaga,MAL,CSKA Moscow,CSK
CSK       ,,1,05:06,5,114,"DE COLO, NANDO",P002100   ,Three Pointer (1/1 -  5 pt),3FGM,7.0,17.0,CSKA Moscow,0,Unicaja Malaga,MAL,CSKA Moscow,CSK
MAL       ,,,05:06,5,115,,          ,Time Out (1),TOUT,,,Unicaja Malaga,0,Unicaja Malaga,MAL,CSKA Moscow,CSK
CSK       ,,20,05:06,5,116,"VORONTSEVICH, ANDREY",PLHI      ,Assist (1),AS,,,CSKA Moscow,0,Unicaja Malaga,MAL,CSKA Moscow,CSK
CSK       ,,13,05:06,5,117,"RODRIGUEZ, SERGIO",PCVM      ,In,IN,,,CSKA Moscow,0,Unicaja Malaga,MAL,CSKA Moscow,CSK
CSK       ,,22,05:06,5,118,"HIGGINS, CORY",P006450   ,Out,OUT,,,CSKA Moscow,0,Unicaja Malaga,MAL,CSKA Moscow,CSK
MAL       ,,9,04:59,6,120,"DIAZ, ALBERTO",P004213   ,Missed Two Pointer (0/1 -  3 pt),2FGA,,,Unicaja Malaga,0,Unicaja Malaga,MAL,CSKA Moscow,CSK
CSK       ,,1,04:59,6,121,"DE COLO, NANDO",P002100   ,Def Rebound (1),D,,,CSKA Moscow,0,Unicaja Malaga,MAL,CSKA Moscow,CSK
CSK       ,,1,04:59,6,122,"DE COLO, NANDO",P002100   ,Missed Two Pointer (0/2 -  5 pt),2FGA,,,CSKA Moscow,0,Unicaja Malaga,MAL,CSKA Moscow,CSK
CSK       ,,41,04:59,6,123,"KURBANOV, NIKITA",PJLX      ,Off Rebound (2),O,,,CSKA Moscow,0,Unicaja Malaga,MAL,CSKA Moscow,CSK
MAL       ,,9,04:38,6,124,"DIAZ, ALBERTO",P004213   ,Foul (1),CM,,,Unicaja Malaga,0,Unicaja Malaga,MAL,CSKA Moscow,CSK
CSK       ,,13,04:38,6,125,"RODRIGUEZ, SERGIO",PCVM      ,Foul Drawn (1),RV,,,CSKA Moscow,0,Unicaja Malaga,MAL,CSKA Moscow,CSK
MAL       ,,10,04:38,6,126,"SALIN, SASU",P002820   ,Out,OUT,,,Unicaja Malaga,0,Unicaja Malaga,MAL,CSKA Moscow,CSK
MAL       ,,11,04:38,6,127,"DIEZ, DANIEL",P003198   ,Out,OUT,,,Unicaja Malaga,0,Unicaja Malaga,MAL,CSKA Moscow,CSK
MAL       ,,16,04:38,6,128,"NEDOVIC, NEMANJA",P000848   ,In,IN,,,Unicaja Malaga,0,Unicaja Malaga,MAL,CSKA Moscow,CSK
MAL       ,,21,04:38,6,129,"WACZYNSKI, ADAM",PLDX      ,In,IN,,,Unicaja Malaga,0,Unicaja Malaga,MAL,CSKA Moscow,CSK
CSK       ,,21,04:38,6,130,"CLYBURN, WILL",P004888   ,In,IN,,,CSKA Moscow,0,Unicaja Malaga,MAL,CSKA Moscow,CSK
CSK       ,,41,04:38,6,131,"KURBANOV, NIKITA",PJLX      ,Out,OUT,,,CSKA Moscow,0,Unicaja Malaga,MAL,CSKA Moscow,CSK
CSK       ,,42,04:38,6,132,"HINES, KYLE",P002812   ,Out,OUT,,,CSKA Moscow,0,Unicaja Malaga,MAL,CSKA Moscow,CSK
CSK       ,,44,04:38,6,133,"HUNTER, OTHELLO",P005160   ,In,IN,,,CSKA Moscow,0,Unicaja Malaga,MAL,CSKA Moscow,CSK
CSK       ,,13,04:38,6,134,"RODRIGUEZ, SERGIO",PCVM      ,Free Throw In (1/1 -  1 pt),FTM,7.0,18.0,CSKA Moscow,0,Unicaja Malaga,MAL,CSKA Moscow,CSK
CSK       ,,13,04:38,6,135,"RODRIGUEZ, SERGIO",PCVM      ,Free Throw In (2/2 -  2 pt),FTM,7.0,19.0,CSKA Moscow,0,Unicaja Malaga,MAL,CSKA Moscow,CSK
MAL       ,,16,04:19,6,136,"NEDOVIC, NEMANJA",P000848   ,Turnover (1),TO,,,Unicaja Malaga,0,Unicaja Malaga,MAL,CSKA Moscow,CSK
CSK       ,,13,04:16,6,137,"RODRIGUEZ, SERGIO",PCVM      ,Steal (1),ST,,,CSKA Moscow,0,Unicaja Malaga,MAL,CSKA Moscow,CSK
CSK       ,,21,04:02,6,138,"CLYBURN, WILL",P004888   ,Missed Three Pointer (0/1 -  0 pt),3FGA,,,CSKA Moscow,0,Unicaja Malaga,MAL,CSKA Moscow,CSK
CSK       ,,44,03:59,7,140,"HUNTER, OTHELLO",P005160   ,Off Rebound (1),O,,,CSKA Moscow,0,Unicaja Malaga,MAL,CSKA Moscow,CSK
CSK       ,,1,03:49,7,141,"DE COLO, NANDO",P002100   ,Missed Two Pointer (0/3 -  5 pt),2FGA,,,CSKA Moscow,0,Unicaja Malaga,MAL,CSKA Moscow,CSK
MAL       ,,23,03:46,7,142,"BROOKS, JEFF",P004117   ,Def Rebound (2),D,,,Unicaja Malaga,0,Unicaja Malaga,MAL,CSKA Moscow,CSK
MAL       ,,21,03:40,7,143,"WACZYNSKI, ADAM",PLDX      ,Three Pointer (1/1 -  3 pt),3FGM,10.0,19.0,Unicaja Malaga,0,Unicaja Malaga,MAL,CSKA Moscow,CSK
MAL       ,,9,03:37,7,144,"DIAZ, ALBERTO",P004213   ,Assist (1),AS,,,Unicaja Malaga,0,Unicaja Malaga,MAL,CSKA Moscow,CSK
CSK       ,,44,03:16,7,145,"HUNTER, OTHELLO",P005160   ,Two Pointer (1/1 -  2 pt),2FGM,10.0,21.0,CSKA Moscow,0,Unicaja Malaga,MAL,CSKA Moscow,CSK
CSK       ,,13,03:14,7,146,"RODRIGUEZ, SERGIO",PCVM      ,Assist (1),AS,,,CSKA Moscow,0,Unicaja Malaga,MAL,CSKA Moscow,CSK
MAL       ,,16,03:06,7,147,"NEDOVIC, NEMANJA",P000848   ,Missed Two Pointer (0/1 -  0 pt),2FGA,,,Unicaja Malaga,0,Unicaja Malaga,MAL,CSKA Moscow,CSK
CSK       ,,21,03:03,7,148,"CLYBURN, WILL",P004888   ,Def Rebound (1),D,,,CSKA Moscow,0,Unicaja Malaga,MAL,CSKA Moscow,CSK
CSK       ,,13,02:41,8,150,"RODRIGUEZ, SERGIO",PCVM      ,Missed Three Pointer (0/1 -  2 pt),3FGA,,,CSKA Moscow,0,Unicaja Malaga,MAL,CSKA Moscow,CSK
CSK       ,,44,02:37,8,151,"HUNTER, OTHELLO",P005160   ,Off Rebound (2),O,,,CSKA Moscow,0,Unicaja Malaga,MAL,CSKA Moscow,CSK
CSK       ,,21,02:30,8,152,"CLYBURN, WILL",P004888   ,Missed Two Pointer (0/1 -  0 pt),2FGA,,,CSKA Moscow,0,Unicaja Malaga,MAL,CSKA Moscow,CSK
MAL       ,,16,02:27,8,153,"NEDOVIC, NEMANJA",P000848   ,Def Rebound (1),D,,,Unicaja Malaga,0,Unicaja Malaga,MAL,CSKA Moscow,CSK
MAL       ,,40,02:23,8,154,"AUGUSTINE, JAMES",P001438   ,Two Pointer (1/1 -  2 pt),2FGM,12.0,21.0,Unicaja Malaga,0,Unicaja Malaga,MAL,CSKA Moscow,CSK
MAL       ,,16,02:21,8,155,"NEDOVIC, NEMANJA",P000848   ,Assist (1),AS,,,Unicaja Malaga,0,Unicaja Malaga,MAL,CSKA Moscow,CSK
CSK       ,,13,02:08,8,156,"RODRIGUEZ, SERGIO",PCVM      ,Two Pointer (1/1 -  4 pt),2FGM,12.0,23.0,CSKA Moscow,0,Unicaja Malaga,MAL,CSKA Moscow,CSK
MAL       ,,40,01:42,9,158,"AUGUSTINE, JAMES",P001438   ,Two Pointer (2/2 -  4 pt),2FGM,14.0,23.0,Unicaja Malaga,0,Unicaja Malaga,MAL,CSKA Moscow,CSK
MAL       ,,9,01:39,9,159,"DIAZ, ALBERTO",P004213   ,Assist (2),AS,,,Unicaja Malaga,0,Unicaja Malaga,MAL,CSKA Moscow,CSK
CSK       ,,1,01:25,9,160,"DE COLO, NANDO",P002100   ,Turnover (2),TO,,,CSKA Moscow,0,Unicaja Malaga,MAL,CSKA Moscow,CSK
MAL       ,,23,01:25,9,161,"BROOKS, JEFF",P004117   ,Out,OUT,,,Unicaja Malaga,0,Unicaja Malaga,MAL,CSKA Moscow,CSK
MAL       ,,43,01:25,9,162,"SUAREZ, CARLOS",PJJS      ,In,IN,,,Unicaja Malaga,0,Unicaja Malaga,MAL,CSKA Moscow,CSK
CSK       ,,1,01:25,9,163,"DE COLO, NANDO",P002100   ,Out,OUT,,,CSKA Moscow,0,Unicaja Malaga,MAL,CSKA Moscow,CSK
CSK       ,,20,01:25,9,164,"VORONTSEVICH, ANDREY",PLHI      ,Out,OUT,,,CSKA Moscow,0,Unicaja Malaga,MAL,CSKA Moscow,CSK
CSK       ,,22,01:25,9,165,"HIGGINS, CORY",P006450   ,In,IN,,,CSKA Moscow,0,Unicaja Malaga,MAL,CSKA Moscow,CSK
CSK       ,,31,01:25,9,166,"KHRYAPA, VICTOR",PBCQ      ,In,IN,,,CSKA Moscow,0,Unicaja Malaga,MAL,CSKA Moscow,CSK
MAL       ,,40,01:00,9,167,"AUGUSTINE, JAMES",P001438   ,Two Pointer (3/3 -  6 pt),2FGM,16.0,23.0,Unicaja Malaga,0,Unicaja Malaga,MAL,CSKA Moscow,CSK
MAL       ,,9,00:57,10,169,"DIAZ, ALBERTO",P004213   ,Assist (3),AS,,,Unicaja Malaga,0,Unicaja Malaga,MAL,CSKA Moscow,CSK
CSK       ,,44,00:48,10,170,"HUNTER, OTHELLO",P005160   ,Two Pointer (2/2 -  4 pt),2FGM,16.0,25.0,CSKA Moscow,0,Unicaja Malaga,MAL,CSKA Moscow,CSK
CSK       ,,13,00:34,10,171,"RODRIGUEZ, SERGIO",PCVM      ,Foul (1),CM,,,CSKA Moscow,0,Unicaja Malaga,MAL,CSKA Moscow,CSK
MAL       ,,9,00:34,10,172,"DIAZ, ALBERTO",P004213   ,Foul Drawn (1),RV,,,Unicaja Malaga,0,Unicaja Malaga,MAL,CSKA Moscow,CSK
MAL       ,,21,00:25,10,173,"WACZYNSKI, ADAM",PLDX      ,Missed Two Pointer (0/1 -  3 pt),2FGA,,,Unicaja Malaga,0,Unicaja Malaga,MAL,CSKA Moscow,CSK
CSK       ,,44,00:22,10,174,"HUNTER, OTHELLO",P005160   ,Def Rebound (1),D,,,CSKA Moscow,0,Unicaja Malaga,MAL,CSKA Moscow,CSK
CSK       ,,22,00:05,10,175,"HIGGINS, CORY",P006450   ,Missed Three Pointer (0/1 -  4 pt),3FGA,,,CSKA Moscow,0,Unicaja Malaga,MAL,CSKA Moscow,CSK
CSK       ,,44,00:02,10,176,"HUNTER, OTHELLO",P005160   ,Off Rebound (3),O,,,CSKA Moscow,0,Unicaja Malaga,MAL,CSKA Moscow,CSK
CSK       ,,44,00:01,10,177,"HUNTER, OTHELLO",P005160   ,Two Pointer (3/3 -  6 pt),2FGM,16.0,27.0,CSKA Moscow,0,Unicaja Malaga,MAL,CSKA Moscow,CSK
          ,,,,11,179,,          ,End Period,EP,,,,0,Unicaja Malaga,MAL,CSKA Moscow,CSK
          ,,,,11,180,,          ,Begin Period,BP,,,,0,Unicaja Malaga,MAL,CSKA Moscow,CSK
MAL       ,,16,09:50,11,181,"NEDOVIC, NEMANJA",P000848   ,Missed Two Pointer (0/2 -  0 pt),2FGA,,,Unicaja Malaga,0,Unicaja Malaga,MAL,CSKA Moscow,CSK
CSK       ,,44,09:50,11,182,"HUNTER, OTHELLO",P005160   ,Def Rebound (2),D,,,CSKA Moscow,0,Unicaja Malaga,MAL,CSKA Moscow,CSK
CSK       ,,44,09:35,11,183,"HUNTER, OTHELLO",P005160   ,Two Pointer (4/4 -  8 pt),2FGM,16.0,29.0,CSKA Moscow,0,Unicaja Malaga,MAL,CSKA Moscow,CSK
CSK       ,,22,09:35,11,184,"HIGGINS, CORY",P006450   ,Assist (2),AS,,,CSKA Moscow,0,Unicaja Malaga,MAL,CSKA Moscow,CSK
CSK       ,,31,09:11,11,185,"KHRYAPA, VICTOR",PBCQ      ,Foul (1),CM,,,CSKA Moscow,0,Unicaja Malaga,MAL,CSKA Moscow,CSK
MAL       ,,43,09:11,11,186,"SUAREZ, CARLOS",PJJS      ,Foul Drawn (1),RV,,,Unicaja Malaga,0,Unicaja Malaga,MAL,CSKA Moscow,CSK
MAL       ,,43,09:08,11,187,"SUAREZ, CARLOS",PJJS      ,Three Pointer (1/1 -  3 pt),3FGM,19.0,29.0,Unicaja Malaga,0,Unicaja Malaga,MAL,CSKA Moscow,CSK
MAL       ,,16,09:08,11,188,"NEDOVIC, NEMANJA",P000848   ,Assist (2),AS,,,Unicaja Malaga,0,Unicaja Malaga,MAL,CSKA Moscow,CSK
CSK       ,,22,08:48,12,190,"HIGGINS, CORY",P006450   ,Two Pointer (3/5 -  6 pt),2FGM,19.0,31.0,CSKA Moscow,0,Unicaja Malaga,MAL,CSKA Moscow,CSK
CSK       ,,22,08:48,12,191,"HIGGINS, CORY",P006450   ,Foul Drawn (1),RV,,,CSKA Moscow,0,Unicaja Malaga,MAL,CSKA Moscow,CSK
MAL       ,,21,08:48,12,192,"WACZYNSKI, ADAM",PLDX      ,Foul (1),CM,,,Unicaja Malaga,0,Unicaja Malaga,MAL,CSKA Moscow,CSK
MAL       ,,12,08:48,12,193,"MILOSAVLJEVIC, DRAGAN",P002822   ,In,IN,,,Unicaja Malaga,0,Unicaja Malaga,MAL,CSKA Moscow,CSK
MAL       ,,16,08:48,12,194,"NEDOVIC, NEMANJA",P000848   ,Out,OUT,,,Unicaja Malaga,0,Unicaja Malaga,MAL,CSKA Moscow,CSK
CSK       ,,22,08:48,12,195,"HIGGINS, CORY",P006450   ,Free Throw In (1/1 -  7 pt),FTM,19.0,32.0,CSKA Moscow,0,Unicaja Malaga,MAL,CSKA Moscow,CSK
MAL       ,,40,08:26,12,196,"AUGUSTINE, JAMES",P001438   ,Two Pointer (4/4 -  8 pt),2FGM,21.0,32.0,Unicaja Malaga,0,Unicaja Malaga,MAL,CSKA Moscow,CSK
MAL       ,,21,08:23,12,197,"WACZYNSKI, ADAM",PLDX      ,Assist (1),AS,,,Unicaja Malaga,0,Unicaja Malaga,MAL,CSKA Moscow,CSK
MAL       ,,9,08:18,12,198,"DIAZ, ALBERTO",P004213   ,Steal (1),ST,,,Unicaja Malaga,0,Unicaja Malaga,MAL,CSKA Moscow,CSK
CSK       ,,13,08:16,12,199,"RODRIGUEZ, SERGIO",PCVM      ,Turnover (1),TO,,,CSKA Moscow,0,Unicaja Malaga,MAL,CSKA Moscow,CSK
MAL       ,,21,08:13,12,200,"WACZYNSKI, ADAM",PLDX      ,Two Pointer (1/2 -  5 pt),2FGM,23.0,32.0,Unicaja Malaga,0,Unicaja Malaga,MAL,CSKA Moscow,CSK
MAL       ,,43,08:11,12,201,"SUAREZ, CARLOS",PJJS      ,Assist (1),AS,,,Unicaja Malaga,0,Unicaja Malaga,MAL,CSKA Moscow,CSK
CSK       ,,31,07:59,13,203,"KHRYAPA, VICTOR",PBCQ      ,Turnover (1),TO,,,CSKA Moscow,0,Unicaja Malaga,MAL,CSKA Moscow,CSK
MAL       ,,3,07:59,13,204,"MCCALLUM, RAY",P008002   ,In,IN,,,Unicaja Malaga,0,Unicaja Malaga,MAL,CSKA Moscow,CSK
MAL       ,,9,07:59,13,205,"DIAZ, ALBERTO",P004213   ,Out,OUT,,,Unicaja Malaga,0,Unicaja Malaga,MAL,CSKA Moscow,CSK
CSK       ,,21,07:37,13,206,"CLYBURN, WILL",P004888   ,Foul (1),CM,,,CSKA Moscow,0,Unicaja Malaga,MAL,CSKA Moscow,CSK
MAL       ,,40,07:37,13,207,"AUGUSTINE, JAMES",P001438   ,Foul Drawn (1),RV,,,Unicaja Malaga,0,Unicaja Malaga,MAL,CSKA Moscow,CSK
CSK       ,,,07:37,13,208,,          ,Time Out (1),TOUT,,,CSKA Moscow,0,Unicaja Malaga,MAL,CSKA Moscow,CSK
MAL       ,,40,07:37,13,209,"AUGUSTINE, JAMES",P001438   ,Missed Free Throw (0/1 -  8 pt),FTA,,,Unicaja Malaga,0,Unicaja Malaga,MAL,CSKA Moscow,CSK
MAL       ,,40,07:37,13,210,"AUGUSTINE, JAMES",P001438   ,Free Throw In (1/2 -  9 pt),FTM,24.0,32.0,Unicaja Malaga,0,Unicaja Malaga,MAL,CSKA Moscow,CSK
CSK       ,,31,07:27,13,211,"KHRYAPA, VICTOR",PBCQ      ,Turnover (2),TO,,,CSKA Moscow,0,Unicaja Malaga,MAL,CSKA Moscow,CSK
MAL       ,,21,07:12,13,212,"WACZYNSKI, ADAM",PLDX      ,Foul Drawn (1),RV,,,Unicaja Malaga,0,Unicaja Malaga,MAL,CSKA Moscow,CSK
CSK       ,,44,07:12,13,213,"HUNTER, OTHELLO",P005160   ,Foul (1),CM,,,CSKA Moscow,0,Unicaja Malaga,MAL,CSKA Moscow,CSK
CSK       ,,1,07:02,13,214,"DE COLO, NANDO",P002100   ,In,IN,,,CSKA Moscow,0,Unicaja Malaga,MAL,CSKA Moscow,CSK
CSK       ,,20,07:02,13,215,"VORONTSEVICH, ANDREY",PLHI      ,In,IN,,,CSKA Moscow,0,Unicaja Malaga,MAL,CSKA Moscow,CSK
CSK       ,,22,07:02,13,216,"HIGGINS, CORY",P006450   ,Out,OUT,,,CSKA Moscow,0,Unicaja Malaga,MAL,CSKA Moscow,CSK
CSK       ,,31,07:02,13,217,"KHRYAPA, VICTOR",PBCQ      ,Out,OUT,,,CSKA Moscow,0,Unicaja Malaga,MAL,CSKA Moscow,CSK
MAL       ,,21,07:02,13,218,"WACZYNSKI, ADAM",PLDX      ,Free Throw In (1/1 -  6 pt),FTM,25.0,32.0,Unicaja Malaga,0,Unicaja Malaga,MAL,CSKA Moscow,CSK
MAL       ,,21,07:02,13,219,"WACZYNSKI, ADAM",PLDX      ,Free Throw In (2/2 -  7 pt),FTM,26.0,32.0,Unicaja Malaga,0,Unicaja Malaga,MAL,CSKA Moscow,CSK
CSK       ,,20,06:44,14,221,"VORONTSEVICH, ANDREY",PLHI      ,Turnover (1),TO,,,CSKA Moscow,0,Unicaja Malaga,MAL,CSKA Moscow,CSK
MAL       ,,43,06:18,14,222,"SUAREZ, CARLOS",PJJS      ,Missed Two Pointer (0/1 -  3 pt),2FGA,,,Unicaja Malaga,0,Unicaja Malaga,MAL,CSKA Moscow,CSK
CSK       ,,21,06:16,14,223,"CLYBURN, WILL",P004888   ,Def Rebound (2),D,,,CSKA Moscow,0,Unicaja Malaga,MAL,CSKA Moscow,CSK
CSK       ,,1,06:12,14,224,"DE COLO, NANDO",P002100   ,Turnover (3),TO,,,CSKA Moscow,0,Unicaja Malaga,MAL,CSKA Moscow,CSK
MAL       ,,21,05:55,15,226,"WACZYNSKI, ADAM",PLDX      ,Three Pointer (2/2 -  10 pt),3FGM,29.0,32.0,Unicaja Malaga,0,Unicaja Malaga,MAL,CSKA Moscow,CSK
MAL       ,,43,05:52,15,227,"SUAREZ, CARLOS",PJJS      ,Assist (2),AS,,,Unicaja Malaga,0,Unicaja Malaga,MAL,CSKA Moscow,CSK
CSK       ,,20,05:34,15,228,"VORONTSEVICH, ANDREY",PLHI      ,Missed Three Pointer (2/3 -  6 pt),3FGA,,,CSKA Moscow,0,Unicaja Malaga,MAL,CSKA Moscow,CSK
MAL       ,,40,05:31,15,229,"AUGUSTINE, JAMES",P001438   ,Def Rebound (1),D,,,Unicaja Malaga,0,Unicaja Malaga,MAL,CSKA Moscow,CSK
MAL       ,,3,05:18,15,230,"MCCALLUM, RAY",P008002   ,Two Pointer (1/1 -  2 pt),2FGM,31.0,32.0,Unicaja Malaga,0,Unicaja Malaga,MAL,CSKA Moscow,CSK
CSK       ,,,05:18,15,231,,          ,Time Out (2),TOUT,,,CSKA Moscow,0,Unicaja Malaga,MAL,CSKA Moscow,CSK
CSK       ,,21,04:59,16,233,"CLYBURN, WILL",P004888   ,Missed Two Pointer (0/2 -  0 pt),2FGA,,,CSKA Moscow,0,Unicaja Malaga,MAL,CSKA Moscow,CSK
CSK       ,,44,04:56,16,234,"HUNTER, OTHELLO",P005160   ,Off Rebound (4),O,,,CSKA Moscow,0,Unicaja Malaga,MAL,CSKA Moscow,CSK
CSK       ,,44,04:53,16,235,"HUNTER, OTHELLO",P005160   ,Two Pointer (5/5 -  10 pt),2FGM,31.0,34.0,CSKA Moscow,0,Unicaja Malaga,MAL,CSKA Moscow,CSK
CSK       ,,44,04:52,16,236,"HUNTER, OTHELLO",P005160   ,Foul (2),CM,,,CSKA Moscow,0,Unicaja Malaga,MAL,CSKA Moscow,CSK
MAL       ,,40,04:52,16,237,"AUGUSTINE, JAMES",P001438   ,Foul Drawn (2),RV,,,Unicaja Malaga,0,Unicaja Malaga,MAL,CSKA Moscow,CSK
MAL       ,,40,04:52,16,238,"AUGUSTINE, JAMES",P001438   ,Missed Free Throw (1/3 -  9 pt),FTA,,,Unicaja Malaga,0,Unicaja Malaga,MAL,CSKA Moscow,CSK
MAL       ,,40,04:52,16,239,"AUGUSTINE, JAMES",P001438   ,Free Throw In (2/4 -  10 pt),FTM,32.0,34.0,Unicaja Malaga,0,Unicaja Malaga,MAL,CSKA Moscow,CSK
MAL       ,,3,04:52,16,240,"MCCALLUM, RAY",P008002   ,Assist (2),AS,,,Unicaja Malaga,0,Unicaja Malaga,MAL,CSKA Moscow,CSK
MAL       ,,17,04:52,16,241,"SHERMADINI, GIORGI",P001386   ,In,IN,,,Unicaja Malaga,0,Unicaja Malaga,MAL,CSKA Moscow,CSK
MAL       ,,40,04:52,16,242,"AUGUSTINE, JAMES",P001438   ,Out,OUT,,,Unicaja Malaga,0,Unicaja Malaga,MAL,CSKA Moscow,CSK
CSK       ,,13,04:37,16,243,"RODRIGUEZ, SERGIO",PCVM      ,Two Pointer (2/2 -  6 pt),2FGM,32.0,36.0,CSKA Moscow,0,Unicaja Malaga,MAL,CSKA Moscow,CSK
MAL       ,,3,04:23,16,244,"MCCALLUM, RAY",P008002   ,Two Pointer (2/2 -  4 pt),2FGM,34.0,36.0,Unicaja Malaga,0,Unicaja Malaga,MAL,CSKA Moscow,CSK
MAL       ,,12,04:18,16,245,"MILOSAVLJEVIC, DRAGAN",P002822   ,Foul (1),CM,,,Unicaja Malaga,0,Unicaja Malaga,MAL,CSKA Moscow,CSK
CSK       ,,13,04:18,16,246,"RODRIGUEZ, SERGIO",PCVM      ,Foul Drawn (2),RV,,,CSKA Moscow,0,Unicaja Malaga,MAL,CSKA Moscow,CSK
CSK       ,,42,04:18,16,247,"HINES, KYLE",P002812   ,In,IN,,,CSKA Moscow,0,Unicaja Malaga,MAL,CSKA Moscow,CSK
CSK       ,,44,04:18,16,248,"HUNTER, OTHELLO",P005160   ,Out,OUT,,,CSKA Moscow,0,Unicaja Malaga,MAL,CSKA Moscow,CSK
CSK       ,,1,04:18,16,249,"DE COLO, NANDO",P002100   ,Turnover (4),TO,,,CSKA Moscow,0,Unicaja Malaga,MAL,CSKA Moscow,CSK
CSK       ,,21,04:10,16,250,"CLYBURN, WILL",P004888   ,Out,OUT,,,CSKA Moscow,0,Unicaja Malaga,MAL,CSKA Moscow,CSK
CSK       ,,41,04:10,16,251,"KURBANOV, NIKITA",PJLX      ,In,IN,,,CSKA Moscow,0,Unicaja Malaga,MAL,CSKA Moscow,CSK
CSK       ,,41,03:54,17,253,"KURBANOV, NIKITA",PJLX      ,Foul (1),CM,,,CSKA Moscow,0,Unicaja Malaga,MAL,CSKA Moscow,CSK
MAL       ,,17,03:54,17,254,"SHERMADINI, GIORGI",P001386   ,Foul Drawn (2),RV,,,Unicaja Malaga,0,Unicaja Malaga,MAL,CSKA Moscow,CSK
MAL       ,,17,03:54,17,255,"SHERMADINI, GIORGI",P001386   ,Missed Free Throw (0/1 -  2 pt),FTA,,,Unicaja Malaga,0,Unicaja Malaga,MAL,CSKA Moscow,CSK
MAL       ,,17,03:54,17,256,"SHERMADINI, GIORGI",P001386   ,Free Throw In (1/2 -  3 pt),FTM,35.0,36.0,Unicaja Malaga,0,Unicaja Malaga,MAL,CSKA Moscow,CSK
CSK       ,,1,03:37,17,257,"DE COLO, NANDO",P002100   ,Two Pointer (1/4 -  7 pt),2FGM,35.0,38.0,CSKA Moscow,0,Unicaja Malaga,MAL,CSKA Moscow,CSK
CSK       ,,20,03:34,17,258,"VORONTSEVICH, ANDREY",PLHI      ,Assist (2),AS,,,CSKA Moscow,0,Unicaja Malaga,MAL,CSKA Moscow,CSK
MAL       ,,12,03:22,17,259,"MILOSAVLJEVIC, DRAGAN",P002822   ,Missed Two Pointer (0/1 -  0 pt),2FGA,,,Unicaja Malaga,0,Unicaja Malaga,MAL,CSKA Moscow,CSK
CSK       ,,42,03:19,17,260,"HINES, KYLE",P002812   ,Def Rebound (3),D,,,CSKA Moscow,0,Unicaja Malaga,MAL,CSKA Moscow,CSK
CSK       ,,20,03:11,17,261,"VORONTSEVICH, ANDREY",PLHI      ,Missed Three Pointer (2/4 -  6 pt),3FGA,,,CSKA Moscow,0,Unicaja Malaga,MAL,CSKA Moscow,CSK
MAL       ,,43,03:08,17,262,"SUAREZ, CARLOS",PJJS      ,Def Rebound (1),D,,,Unicaja Malaga,0,Unicaja Malaga,MAL,CSKA Moscow,CSK
MAL       ,,43,03:08,17,263,"SUAREZ, CARLOS",PJJS      ,Foul Drawn (2),RV,,,Unicaja Malaga,0,Unicaja Malaga,MAL,CSKA Moscow,CSK
CSK       ,,41,03:08,17,264,"KURBANOV, NIKITA",PJLX      ,Foul (2),CM,,,CSKA Moscow,0,Unicaja Malaga,MAL,CSKA Moscow,CSK
MAL       ,,43,03:08,17,265,"SUAREZ, CARLOS",PJJS      ,Free Throw In (1/1 -  4 pt),FTM,36.0,38.0,Unicaja Malaga,0,Unicaja Malaga,MAL,CSKA Moscow,CSK
MAL       ,,43,03:08,17,266,"SUAREZ, CARLOS",PJJS      ,Free Throw In (2/2 -  5 pt),FTM,37.0,38.0,Unicaja Malaga,0,Unicaja Malaga,MAL,CSKA Moscow,CSK
CSK       ,,13,02:49,18,268,"RODRIGUEZ, SERGIO",PCVM      ,Missed Three Pointer (0/2 -  6 pt),3FGA,,,CSKA Moscow,0,Unicaja Malaga,MAL,CSKA Moscow,CSK
MAL       ,,43,02:47,18,269,"SUAREZ, CARLOS",PJJS      ,Def Rebound (2),D,,,Unicaja Malaga,0,Unicaja Malaga,MAL,CSKA Moscow,CSK
MAL       ,,17,02:30,18,270,"SHERMADINI, GIORGI",P001386   ,Missed Two Pointer (1/3 -  3 pt),2FGA,,,Unicaja Malaga,0,Unicaja Malaga,MAL,CSKA Moscow,CSK
CSK       ,,1,02:29,18,271,"DE COLO, NANDO",P002100   ,Def Rebound (2),D,,,CSKA Moscow,0,Unicaja Malaga,MAL,CSKA Moscow,CSK
MAL       ,,12,02:21,18,272,"MILOSAVLJEVIC, DRAGAN",P002822   ,Foul (2),CM,,,Unicaja Malaga,0,Unicaja Malaga,MAL,CSKA Moscow,CSK
CSK       ,,13,02:21,18,273,"RODRIGUEZ, SERGIO",PCVM      ,Foul Drawn (3),RV,,,CSKA Moscow,0,Unicaja Malaga,MAL,CSKA Moscow,CSK
CSK       ,,13,02:21,18,274,"RODRIGUEZ, SERGIO",PCVM      ,Out,OUT,,,CSKA Moscow,0,Unicaja Malaga,MAL,CSKA Moscow,CSK
CSK       ,,22,02:21,18,275,"HIGGINS, CORY",P006450   ,In,IN,,,CSKA Moscow,0,Unicaja Malaga,MAL,CSKA Moscow,CSK
MAL       ,,21,02:08,18,276,"WACZYNSKI, ADAM",PLDX      ,Technical Foul (2),CMT,,,Unicaja Malaga,0,Unicaja Malaga,MAL,CSKA Moscow,CSK
CSK       ,,1,02:08,18,277,"DE COLO, NANDO",P002100   ,Free Throw In (3/3 -  8 pt),FTM,37.0,39.0,CSKA Moscow,0,Unicaja Malaga,MAL,CSKA Moscow,CSK
MAL       ,,21,02:04,18,278,"WACZYNSKI, ADAM",PLDX      ,Turnover (1),TO,,,Unicaja Malaga,0,Unicaja Malaga,MAL,CSKA Moscow,CSK
CSK       ,,20,01:53,19,280,"VORONTSEVICH, ANDREY",PLHI      ,Missed Three Pointer (2/5 -  6 pt),3FGA,,,CSKA Moscow,0,Unicaja Malaga,MAL,CSKA Moscow,CSK
CSK       ,,42,01:49,19,281,"HINES, KYLE",P002812   ,Off Rebound (1),O,,,CSKA Moscow,0,Unicaja Malaga,MAL,CSKA Moscow,CSK
CSK       ,,42,01:49,19,282,"HINES, KYLE",P002812   ,Two Pointer (1/2 -  2 pt),2FGM,37.0,41.0,CSKA Moscow,0,Unicaja Malaga,MAL,CSKA Moscow,CSK
MAL       ,,12,01:38,19,283,"MILOSAVLJEVIC, DRAGAN",P002822   ,Missed Three Pointer (0/1 -  0 pt),3FGA,,,Unicaja Malaga,0,Unicaja Malaga,MAL,CSKA Moscow,CSK
MAL       ,,,01:38,19,284,,          ,Off Rebound (1),O,,,Unicaja Malaga,0,Unicaja Malaga,MAL,CSKA Moscow,CSK
CSK       ,,21,01:38,19,285,"CLYBURN, WILL",P004888   ,In,IN,,,CSKA Moscow,0,Unicaja Malaga,MAL,CSKA Moscow,CSK
CSK       ,,41,01:38,19,286,"KURBANOV, NIKITA",PJLX      ,Out,OUT,,,CSKA Moscow,0,Unicaja Malaga,MAL,CSKA Moscow,CSK
MAL       ,,3,01:38,19,287,"MCCALLUM, RAY",P008002   ,Missed Three Pointer (0/2 -  4 pt),3FGA,,,Unicaja Malaga,0,Unicaja Malaga,MAL,CSKA Moscow,CSK
CSK       ,,42,01:38,19,288,"HINES, KYLE",P002812   ,Def Rebound (4),D,,,CSKA Moscow,0,Unicaja Malaga,MAL,CSKA Moscow,CSK
CSK       ,,20,01:00,19,289,"VORONTSEVICH, ANDREY",PLHI      ,Three Pointer (3/6 -  9 pt),3FGM,37.0,44.0,CSKA Moscow,0,Unicaja Malaga,MAL,CSKA Moscow,CSK
CSK       ,,21,01:00,19,290,"CLYBURN, WILL",P004888   ,Assist (1),AS,,,CSKA Moscow,0,Unicaja Malaga,MAL,CSKA Moscow,CSK
MAL       ,,,01:00,19,291,,          ,Time Out (1),TOUT,,,Unicaja Malaga,0,Unicaja Malaga,MAL,CSKA Moscow,CSK
MAL       ,,10,01:00,19,292,"SALIN, SASU",P002820   ,In,IN,,,Unicaja Malaga,0,Unicaja Malaga,MAL,CSKA Moscow,CSK
MAL       ,,12,01:00,19,293,"MILOSAVLJEVIC, DRAGAN",P002822   ,Out,OUT,,,Unicaja Malaga,0,Unicaja Malaga,MAL,CSKA Moscow,CSK
MAL       ,,17,00:44,20,295,"SHERMADINI, GIORGI",P001386   ,Missed Two Pointer (1/4 -  3 pt),2FGA,,,Unicaja Malaga,0,Unicaja Malaga,MAL,CSKA Moscow,CSK
MAL       ,,3,00:41,20,296,"MCCALLUM, RAY",P008002   ,Off Rebound (1),O,,,Unicaja Malaga,0,Unicaja Malaga,MAL,CSKA Moscow,CSK
MAL       ,,3,00:41,20,297,"MCCALLUM, RAY",P008002   ,Two Pointer (3/3 -  6 pt),2FGM,39.0,44.0,Unicaja Malaga,0,Unicaja Malaga,MAL,CSKA Moscow,CSK
CSK       ,,42,00:22,20,298,"HINES, KYLE",P002812   ,Two Pointer (2/3 -  4 pt),2FGM,39.0,46.0,CSKA Moscow,0,Unicaja Malaga,MAL,CSKA Moscow,CSK
CSK       ,,1,00:20,20,299,"DE COLO, NANDO",P002100   ,Assist (2),AS,,,CSKA Moscow,0,Unicaja Malaga,MAL,CSKA Moscow,CSK
MAL       ,,3,00:05,20,300,"MCCALLUM, RAY",P008002   ,Turnover (1),TO,,,Unicaja Malaga,0,Unicaja Malaga,MAL,CSKA Moscow,CSK
CSK       ,,13,00:05,20,301,"RODRIGUEZ, SERGIO",PCVM      ,In,IN,,,CSKA Moscow,0,Unicaja Malaga,MAL,CSKA Moscow,CSK
CSK       ,,42,00:05,20,302,"HINES, KYLE",P002812   ,Out,OUT,,,CSKA Moscow,0,Unicaja Malaga,MAL,CSKA Moscow,CSK
CSK       ,,1,00:00,20,303,"DE COLO, NANDO",P002100   ,Turnover (5),TO,,,CSKA Moscow,0,Unicaja Malaga,MAL,CSKA Moscow,CSK
MAL       ,,43,00:00,20,304,"SUAREZ, CARLOS",PJJS      ,Steal (1),ST,,,Unicaja Malaga,0,Unicaja Malaga,MAL,CSKA Moscow,CSK
          ,,,,21,306,,          ,End Period,EP,,,,0,Unicaja Malaga,MAL,CSKA Moscow,CSK
          ,,,,21,317,,          ,Begin Period,BP,,,,0,Unicaja Malaga,MAL,CSKA Moscow,CSK
MAL       ,,3,10:00,21,307,"MCCALLUM, RAY",P008002   ,Out,OUT,,,Unicaja Malaga,0,Unicaja Malaga,MAL,CSKA Moscow,CSK
MAL       ,,9,10:00,21,308,"DIAZ, ALBERTO",P004213   ,In,IN,,,Unicaja Malaga,0,Unicaja Malaga,MAL,CSKA Moscow,CSK
MAL       ,,17,10:00,21,309,"SHERMADINI, GIORGI",P001386   ,Out,OUT,,,Unicaja Malaga,0,Unicaja Malaga,MAL,CSKA Moscow,CSK
MAL       ,,23,10:00,21,310,"BROOKS, JEFF",P004117   ,In,IN,,,Unicaja Malaga,0,Unicaja Malaga,MAL,CSKA Moscow,CSK
MAL       ,,40,10:00,21,311,"AUGUSTINE, JAMES",P001438   ,In,IN,,,Unicaja Malaga,0,Unicaja Malaga,MAL,CSKA Moscow,CSK
MAL       ,,43,10:00,21,312,"SUAREZ, CARLOS",PJJS      ,Out,OUT,,,Unicaja Malaga,0,Unicaja Malaga,MAL,CSKA Moscow,CSK
CSK       ,,13,10:00,21,313,"RODRIGUEZ, SERGIO",PCVM      ,Out,OUT,,,CSKA Moscow,0,Unicaja Malaga,MAL,CSKA Moscow,CSK
CSK       ,,21,10:00,21,314,"CLYBURN, WILL",P004888   ,Out,OUT,,,CSKA Moscow,0,Unicaja Malaga,MAL,CSKA Moscow,CSK
CSK       ,,41,10:00,21,315,"KURBANOV, NIKITA",PJLX      ,In,IN,,,CSKA Moscow,0,Unicaja Malaga,MAL,CSKA Moscow,CSK
CSK       ,,42,10:00,21,316,"HINES, KYLE",P002812   ,In,IN,,,CSKA Moscow,0,Unicaja Malaga,MAL,CSKA Moscow,CSK
CSK       ,,1,09:48,21,318,"DE COLO, NANDO",P002100   ,Missed Three Pointer (1/2 -  8 pt),3FGA,,,CSKA Moscow,0,Unicaja Malaga,MAL,CSKA Moscow,CSK
MAL       ,,23,09:48,21,319,"BROOKS, JEFF",P004117   ,Def Rebound (3),D,,,Unicaja Malaga,0,Unicaja Malaga,MAL,CSKA Moscow,CSK
MAL       ,,23,09:39,21,320,"BROOKS, JEFF",P004117   ,Offensive Foul (1),OF,,,Unicaja Malaga,0,Unicaja Malaga,MAL,CSKA Moscow,CSK
MAL       ,,23,09:39,21,321,"BROOKS, JEFF",P004117   ,Turnover (1),TO,,,Unicaja Malaga,0,Unicaja Malaga,MAL,CSKA Moscow,CSK
CSK       ,,41,09:39,21,322,"KURBANOV, NIKITA",PJLX      ,Foul Drawn (1),RV,,,CSKA Moscow,0,Unicaja Malaga,MAL,CSKA Moscow,CSK
CSK       ,,22,09:29,21,323,"HIGGINS, CORY",P006450   ,Offensive Foul (1),OF,,,CSKA Moscow,0,Unicaja Malaga,MAL,CSKA Moscow,CSK
CSK       ,,22,09:29,21,324,"HIGGINS, CORY",P006450   ,Turnover (1),TO,,,CSKA Moscow,0,Unicaja Malaga,MAL,CSKA Moscow,CSK
MAL       ,,40,09:29,21,325,"AUGUSTINE, JAMES",P001438   ,Foul Drawn (3),RV,,,Unicaja Malaga,0,Unicaja Malaga,MAL,CSKA Moscow,CSK
MAL       ,,40,09:28,21,326,"AUGUSTINE, JAMES",P001438   ,Missed Two Pointer (4/5 -  10 pt),2FGA,,,Unicaja Malaga,0,Unicaja Malaga,MAL,CSKA Moscow,CSK
MAL       ,,21,09:28,21,327,"WACZYNSKI, ADAM",PLDX      ,Off Rebound (1),O,,,Unicaja Malaga,0,Unicaja Malaga,MAL,CSKA Moscow,CSK
MAL       ,,21,08:59,22,329,"WACZYNSKI, ADAM",PLDX      ,Turnover (2),TO,,,Unicaja Malaga,0,Unicaja Malaga,MAL,CSKA Moscow,CSK
CSK       ,,41,08:59,22,330,"KURBANOV, NIKITA",PJLX      ,Steal (2),ST,,,CSKA Moscow,0,Unicaja Malaga,MAL,CSKA Moscow,CSK
MAL       ,,10,08:59,22,331,"SALIN, SASU",P002820   ,Unsportsmanlike Foul  (2),CMU,,,Unicaja Malaga,0,Unicaja Malaga,MAL,CSKA Moscow,CSK
CSK       ,,41,08:59,22,332,"KURBANOV, NIKITA",PJLX      ,Foul Drawn (2),RV,,,CSKA Moscow,0,Unicaja Malaga,MAL,CSKA Moscow,CSK
CSK       ,,41,08:59,22,333,"KURBANOV, NIKITA",PJLX      ,Free Throw In (1/1 -  3 pt),FTM,39.0,47.0,CSKA Moscow,0,Unicaja Malaga,MAL,CSKA Moscow,CSK
CSK       ,,41,08:59,22,334,"KURBANOV, NIKITA",PJLX      ,Free Throw In (2/2 -  4 pt),FTM,39.0,48.0,CSKA Moscow,0,Unicaja Malaga,MAL,CSKA Moscow,CSK
MAL       ,,10,08:53,22,335,"SALIN, SASU",P002820   ,Turnover (1),TO,,,Unicaja Malaga,0,Unicaja Malaga,MAL,CSKA Moscow,CSK
CSK       ,,1,08:45,22,336,"DE COLO, NANDO",P002100   ,Turnover (6),TO,,,CSKA Moscow,0,Unicaja Malaga,MAL,CSKA Moscow,CSK
MAL       ,,23,08:45,22,337,"BROOKS, JEFF",P004117   ,Steal (1),ST,,,Unicaja Malaga,0,Unicaja Malaga,MAL,CSKA Moscow,CSK
MAL       ,,23,08:45,22,338,"BROOKS, JEFF",P004117   ,Two Pointer (1/1 -  2 pt),2FGM,41.0,48.0,Unicaja Malaga,0,Unicaja Malaga,MAL,CSKA Moscow,CSK
CSK       ,,1,08:12,22,339,"DE COLO, NANDO",P002100   ,Turnover (7),TO,,,CSKA Moscow,0,Unicaja Malaga,MAL,CSKA Moscow,CSK
CSK       ,,41,08:05,22,340,"KURBANOV, NIKITA",PJLX      ,Foul (3),CM,,,CSKA Moscow,0,Unicaja Malaga,MAL,CSKA Moscow,CSK
MAL       ,,21,08:05,22,341,"WACZYNSKI, ADAM",PLDX      ,Foul Drawn (2),RV,,,Unicaja Malaga,0,Unicaja Malaga,MAL,CSKA Moscow,CSK
CSK       ,,21,08:05,22,342,"CLYBURN, WILL",P004888   ,In,IN,,,CSKA Moscow,0,Unicaja Malaga,MAL,CSKA Moscow,CSK
CSK       ,,41,08:05,22,343,"KURBANOV, NIKITA",PJLX      ,Out,OUT,,,CSKA Moscow,0,Unicaja Malaga,MAL,CSKA Moscow,CSK
CSK       ,,22,08:02,22,344,"HIGGINS, CORY",P006450   ,Foul (2),CM,,,CSKA Moscow,0,Unicaja Malaga,MAL,CSKA Moscow,CSK
MAL       ,,10,08:02,22,345,"SALIN, SASU",P002820   ,Foul Drawn (2),RV,,,Unicaja Malaga,0,Unicaja Malaga,MAL,CSKA Moscow,CSK
MAL       ,,9,07:49,23,347,"DIAZ, ALBERTO",P004213   ,Two Pointer (1/2 -  5 pt),2FGM,43.0,48.0,Unicaja Malaga,0,Unicaja Malaga,MAL,CSKA Moscow,CSK
CSK       ,,22,07:37,23,348,"HIGGINS, CORY",P006450   ,Turnover (2),TO,,,CSKA Moscow,0,Unicaja Malaga,MAL,CSKA Moscow,CSK
MAL       ,,40,07:35,23,349,"AUGUSTINE, JAMES",P001438   ,Steal (1),ST,,,Unicaja Malaga,0,Unicaja Malaga,MAL,CSKA Moscow,CSK
MAL       ,,21,07:31,23,350,"WACZYNSKI, ADAM",PLDX      ,Three Pointer (3/3 -  13 pt),3FGM,46.0,48.0,Unicaja Malaga,0,Unicaja Malaga,MAL,CSKA Moscow,CSK
CSK       ,,22,07:15,23,351,"HIGGINS, CORY",P006450   ,Three Pointer (1/2 -  10 pt),3FGM,46.0,51.0,CSKA Moscow,0,Unicaja Malaga,MAL,CSKA Moscow,CSK
CSK       ,,1,07:13,23,352,"DE COLO, NANDO",P002100   ,Assist (3),AS,,,CSKA Moscow,0,Unicaja Malaga,MAL,CSKA Moscow,CSK
MAL       ,,40,07:05,23,353,"AUGUSTINE, JAMES",P001438   ,Offensive Foul (1),OF,,,Unicaja Malaga,0,Unicaja Malaga,MAL,CSKA Moscow,CSK
MAL       ,,40,07:05,23,354,"AUGUSTINE, JAMES",P001438   ,Turnover (1),TO,,,Unicaja Malaga,0,Unicaja Malaga,MAL,CSKA Moscow,CSK
CSK       ,,1,07:05,23,355,"DE COLO, NANDO",P002100   ,Foul Drawn (2),RV,,,CSKA Moscow,0,Unicaja Malaga,MAL,CSKA Moscow,CSK
CSK       ,,13,07:05,23,356,"RODRIGUEZ, SERGIO",PCVM      ,In,IN,,,CSKA Moscow,0,Unicaja Malaga,MAL,CSKA Moscow,CSK
CSK       ,,22,07:05,23,357,"HIGGINS, CORY",P006450   ,Out,OUT,,,CSKA Moscow,0,Unicaja Malaga,MAL,CSKA Moscow,CSK
CSK       ,,20,06:39,24,359,"VORONTSEVICH, ANDREY",PLHI      ,Two Pointer (1/1 -  11 pt),2FGM,46.0,53.0,CSKA Moscow,0,Unicaja Malaga,MAL,CSKA Moscow,CSK
CSK       ,,13,06:37,24,360,"RODRIGUEZ, SERGIO",PCVM      ,Assist (2),AS,,,CSKA Moscow,0,Unicaja Malaga,MAL,CSKA Moscow,CSK
MAL       ,,23,06:29,24,361,"BROOKS, JEFF",P004117   ,Offensive Foul (2),OF,,,Unicaja Malaga,0,Unicaja Malaga,MAL,CSKA Moscow,CSK
MAL       ,,23,06:29,24,362,"BROOKS, JEFF",P004117   ,Turnover (2),TO,,,Unicaja Malaga,0,Unicaja Malaga,MAL,CSKA Moscow,CSK
CSK       ,,20,06:29,24,363,"VORONTSEVICH, ANDREY",PLHI      ,Foul Drawn (2),RV,,,CSKA Moscow,0,Unicaja Malaga,MAL,CSKA Moscow,CSK
CSK       ,,21,06:17,24,364,"CLYBURN, WILL",P004888   ,Two Pointer (1/3 -  2 pt),2FGM,46.0,55.0,CSKA Moscow,0,Unicaja Malaga,MAL,CSKA Moscow,CSK
CSK       ,,20,06:17,24,365,"VORONTSEVICH, ANDREY",PLHI      ,Assist (3),AS,,,CSKA Moscow,0,Unicaja Malaga,MAL,CSKA Moscow,CSK
MAL       ,,,06:17,24,366,,          ,Time Out (1),TOUT,,,Unicaja Malaga,0,Unicaja Malaga,MAL,CSKA Moscow,CSK
MAL       ,,3,06:17,24,367,"MCCALLUM, RAY",P008002   ,In,IN,,,Unicaja Malaga,0,Unicaja Malaga,MAL,CSKA Moscow,CSK
MAL       ,,9,06:17,24,368,"DIAZ, ALBERTO",P004213   ,Out,OUT,,,Unicaja Malaga,0,Unicaja Malaga,MAL,CSKA Moscow,CSK
MAL       ,,12,06:17,24,369,"MILOSAVLJEVIC, DRAGAN",P002822   ,In,IN,,,Unicaja Malaga,0,Unicaja Malaga,MAL,CSKA Moscow,CSK
MAL       ,,21,06:17,24,370,"WACZYNSKI, ADAM",PLDX      ,Out,OUT,,,Unicaja Malaga,0,Unicaja Malaga,MAL,CSKA Moscow,CSK
MAL       ,,23,06:17,24,371,"BROOKS, JEFF",P004117   ,Out,OUT,,,Unicaja Malaga,0,Unicaja Malaga,MAL,CSKA Moscow,CSK
MAL       ,,43,06:17,24,372,"SUAREZ, CARLOS",PJJS      ,In,IN,,,Unicaja Malaga,0,Unicaja Malaga,MAL,CSKA Moscow,CSK
CSK       ,,21,06:02,24,373,"CLYBURN, WILL",P004888   ,Foul (2),CM,,,CSKA Moscow,0,Unicaja Malaga,MAL,CSKA Moscow,CSK
MAL       ,,43,06:02,24,374,"SUAREZ, CARLOS",PJJS      ,Foul Drawn (3),RV,,,Unicaja Malaga,0,Unicaja Malaga,MAL,CSKA Moscow,CSK
MAL       ,,43,05:50,25,376,"SUAREZ, CARLOS",PJJS      ,Three Pointer (2/2 -  8 pt),3FGM,49.0,55.0,Unicaja Malaga,0,Unicaja Malaga,MAL,CSKA Moscow,CSK
MAL       ,,10,05:47,25,377,"SALIN, SASU",P002820   ,Assist (1),AS,,,Unicaja Malaga,0,Unicaja Malaga,MAL,CSKA Moscow,CSK
CSK       ,,42,05:26,25,378,"HINES, KYLE",P002812   ,Turnover (1),TO,,,CSKA Moscow,0,Unicaja Malaga,MAL,CSKA Moscow,CSK
MAL       ,,43,05:25,25,379,"SUAREZ, CARLOS",PJJS      ,Steal (2),ST,,,Unicaja Malaga,0,Unicaja Malaga,MAL,CSKA Moscow,CSK
MAL       ,,43,05:14,25,380,"SUAREZ, CARLOS",PJJS      ,Three Pointer (3/3 -  11 pt),3FGM,52.0,55.0,Unicaja Malaga,0,Unicaja Malaga,MAL,CSKA Moscow,CSK
MAL       ,,3,05:12,25,381,"MCCALLUM, RAY",P008002   ,Assist (3),AS,,,Unicaja Malaga,0,Unicaja Malaga,MAL,CSKA Moscow,CSK
CSK       ,,13,04:55,26,383,"RODRIGUEZ, SERGIO",PCVM      ,Turnover (2),TO,,,CSKA Moscow,0,Unicaja Malaga,MAL,CSKA Moscow,CSK
MAL       ,,12,04:31,26,386,"MILOSAVLJEVIC, DRAGAN",P002822   ,Missed Two Pointer (0/2 -  0 pt),2FGA,,,Unicaja Malaga,0,Unicaja Malaga,MAL,CSKA Moscow,CSK
MAL       ,,12,04:31,26,387,"MILOSAVLJEVIC, DRAGAN",P002822   ,Shot Rejected (1),AG,,,Unicaja Malaga,0,Unicaja Malaga,MAL,CSKA Moscow,CSK
CSK       ,,20,04:31,26,388,"VORONTSEVICH, ANDREY",PLHI      ,Block (1),FV,,,CSKA Moscow,0,Unicaja Malaga,MAL,CSKA Moscow,CSK
MAL       ,,3,04:31,26,607,"MCCALLUM, RAY",P008002   ,Off Rebound (2),O,,,Unicaja Malaga,0,Unicaja Malaga,MAL,CSKA Moscow,CSK
MAL       ,,10,04:31,26,608,"SALIN, SASU",P002820   ,Three Pointer (1/3 -  3 pt),3FGM,55.0,55.0,Unicaja Malaga,0,Unicaja Malaga,MAL,CSKA Moscow,CSK
MAL       ,,3,04:31,26,609,"MCCALLUM, RAY",P008002   ,Assist (4),AS,,,Unicaja Malaga,0,Unicaja Malaga,MAL,CSKA Moscow,CSK
CSK       ,,,04:31,26,389,,          ,Time Out (1),TOUT,,,CSKA Moscow,0,Unicaja Malaga,MAL,CSKA Moscow,CSK
MAL       ,,10,04:26,26,391,"SALIN, SASU",P002820   ,Foul (3),CM,,,Unicaja Malaga,0,Unicaja Malaga,MAL,CSKA Moscow,CSK
CSK       ,,13,04:26,26,392,"RODRIGUEZ, SERGIO",PCVM      ,Foul Drawn (4),RV,,,CSKA Moscow,0,Unicaja Malaga,MAL,CSKA Moscow,CSK
CSK       ,,42,04:26,26,393,"HINES, KYLE",P002812   ,Out,OUT,,,CSKA Moscow,0,Unicaja Malaga,MAL,CSKA Moscow,CSK
CSK       ,,44,04:26,26,394,"HUNTER, OTHELLO",P005160   ,In,IN,,,CSKA Moscow,0,Unicaja Malaga,MAL,CSKA Moscow,CSK
CSK       ,,13,04:26,26,395,"RODRIGUEZ, SERGIO",PCVM      ,Free Throw In (3/3 -  7 pt),FTM,55.0,56.0,CSKA Moscow,0,Unicaja Malaga,MAL,CSKA Moscow,CSK
CSK       ,,13,04:26,26,396,"RODRIGUEZ, SERGIO",PCVM      ,Free Throw In (4/4 -  8 pt),FTM,55.0,57.0,CSKA Moscow,0,Unicaja Malaga,MAL,CSKA Moscow,CSK
MAL       ,,10,04:05,26,397,"SALIN, SASU",P002820   ,Two Pointer (1/2 -  5 pt),2FGM,57.0,57.0,Unicaja Malaga,0,Unicaja Malaga,MAL,CSKA Moscow,CSK
MAL       ,,43,04:03,26,398,"SUAREZ, CARLOS",PJJS      ,Assist (3),AS,,,Unicaja Malaga,0,Unicaja Malaga,MAL,CSKA Moscow,CSK
CSK       ,,20,03:50,27,400,"VORONTSEVICH, ANDREY",PLHI      ,Missed Three Pointer (3/7 -  11 pt),3FGA,,,CSKA Moscow,0,Unicaja Malaga,MAL,CSKA Moscow,CSK
MAL       ,,40,03:47,27,401,"AUGUSTINE, JAMES",P001438   ,Def Rebound (2),D,,,Unicaja Malaga,0,Unicaja Malaga,MAL,CSKA Moscow,CSK
MAL       ,,43,03:41,27,402,"SUAREZ, CARLOS",PJJS      ,Turnover (1),TO,,,Unicaja Malaga,0,Unicaja Malaga,MAL,CSKA Moscow,CSK
CSK       ,,21,03:39,27,403,"CLYBURN, WILL",P004888   ,Steal (1),ST,,,CSKA Moscow,0,Unicaja Malaga,MAL,CSKA Moscow,CSK
CSK       ,,21,03:25,27,404,"CLYBURN, WILL",P004888   ,Missed Two Pointer (1/4 -  2 pt),2FGA,,,CSKA Moscow,0,Unicaja Malaga,MAL,CSKA Moscow,CSK
MAL       ,,40,03:22,27,405,"AUGUSTINE, JAMES",P001438   ,Def Rebound (3),D,,,Unicaja Malaga,0,Unicaja Malaga,MAL,CSKA Moscow,CSK
MAL       ,,3,03:22,27,406,"MCCALLUM, RAY",P008002   ,Two Pointer (4/4 -  8 pt),2FGM,59.0,57.0,Unicaja Malaga,0,Unicaja Malaga,MAL,CSKA Moscow,CSK
CSK       ,,44,03:22,27,407,"HUNTER, OTHELLO",P005160   ,Foul (3),CM,,,CSKA Moscow,0,Unicaja Malaga,MAL,CSKA Moscow,CSK
MAL       ,,3,03:22,27,408,"MCCALLUM, RAY",P008002   ,Foul Drawn (1),RV,,,Unicaja Malaga,0,Unicaja Malaga,MAL,CSKA Moscow,CSK
CSK       ,,1,03:22,27,409,"DE COLO, NANDO",P002100   ,Out,OUT,,,CSKA Moscow,0,Unicaja Malaga,MAL,CSKA Moscow,CSK
CSK       ,,22,03:22,27,410,"HIGGINS, CORY",P006450   ,In,IN,,,CSKA Moscow,0,Unicaja Malaga,MAL,CSKA Moscow,CSK
MAL       ,,3,03:22,27,411,"MCCALLUM, RAY",P008002   ,Free Throw In (1/1 -  9 pt),FTM,60.0,57.0,Unicaja Malaga,0,Unicaja Malaga,MAL,CSKA Moscow,CSK
CSK       ,,13,02:56,28,413,"RODRIGUEZ, SERGIO",PCVM      ,Missed Three Pointer (0/3 -  8 pt),3FGA,,,CSKA Moscow,0,Unicaja Malaga,MAL,CSKA Moscow,CSK
MAL       ,,40,02:54,28,414,"AUGUSTINE, JAMES",P001438   ,Def Rebound (4),D,,,Unicaja Malaga,0,Unicaja Malaga,MAL,CSKA Moscow,CSK
MAL       ,,3,02:49,28,415,"MCCALLUM, RAY",P008002   ,Two Pointer (5/5 -  11 pt),2FGM,62.0,57.0,Unicaja Malaga,0,Unicaja Malaga,MAL,CSKA Moscow,CSK
CSK       ,,13,02:49,28,416,"RODRIGUEZ, SERGIO",PCVM      ,Foul (2),CM,,,CSKA Moscow,0,Unicaja Malaga,MAL,CSKA Moscow,CSK
MAL       ,,3,02:49,28,417,"MCCALLUM, RAY",P008002   ,Foul Drawn (2),RV,,,Unicaja Malaga,0,Unicaja Malaga,MAL,CSKA Moscow,CSK
MAL       ,,3,02:49,28,418,"MCCALLUM, RAY",P008002   ,Free Throw In (2/2 -  12 pt),FTM,63.0,57.0,Unicaja Malaga,0,Unicaja Malaga,MAL,CSKA Moscow,CSK
CSK       ,,20,02:27,28,419,"VORONTSEVICH, ANDREY",PLHI      ,Missed Three Pointer (3/8 -  11 pt),3FGA,,,CSKA Moscow,0,Unicaja Malaga,MAL,CSKA Moscow,CSK
CSK       ,,21,02:27,28,420,"CLYBURN, WILL",P004888   ,Off Rebound (1),O,,,CSKA Moscow,0,Unicaja Malaga,MAL,CSKA Moscow,CSK
MAL       ,,43,02:27,28,421,"SUAREZ, CARLOS",PJJS      ,Foul (1),CM,,,Unicaja Malaga,0,Unicaja Malaga,MAL,CSKA Moscow,CSK
CSK       ,,21,02:27,28,422,"CLYBURN, WILL",P004888   ,Foul Drawn (1),RV,,,CSKA Moscow,0,Unicaja Malaga,MAL,CSKA Moscow,CSK
CSK       ,,1,02:24,28,423,"DE COLO, NANDO",P002100   ,In,IN,,,CSKA Moscow,0,Unicaja Malaga,MAL,CSKA Moscow,CSK
CSK       ,,20,02:24,28,424,"VORONTSEVICH, ANDREY",PLHI      ,Out,OUT,,,CSKA Moscow,0,Unicaja Malaga,MAL,CSKA Moscow,CSK
CSK       ,,21,02:24,28,425,"CLYBURN, WILL",P004888   ,Free Throw In (1/1 -  3 pt),FTM,63.0,58.0,CSKA Moscow,0,Unicaja Malaga,MAL,CSKA Moscow,CSK
CSK       ,,21,02:24,28,426,"CLYBURN, WILL",P004888   ,Missed Free Throw (1/2 -  3 pt),FTA,,,CSKA Moscow,0,Unicaja Malaga,MAL,CSKA Moscow,CSK
MAL       ,,12,02:24,28,427,"MILOSAVLJEVIC, DRAGAN",P002822   ,Off Rebound (1),O,,,Unicaja Malaga,0,Unicaja Malaga,MAL,CSKA Moscow,CSK
MAL       ,,10,02:24,28,428,"SALIN, SASU",P002820   ,Missed Three Pointer (1/4 -  5 pt),3FGA,,,Unicaja Malaga,0,Unicaja Malaga,MAL,CSKA Moscow,CSK
MAL       ,,10,02:24,28,429,"SALIN, SASU",P002820   ,Off Rebound (1),O,,,Unicaja Malaga,0,Unicaja Malaga,MAL,CSKA Moscow,CSK
CSK       ,,22,02:24,28,430,"HIGGINS, CORY",P006450   ,Foul (3),CM,,,CSKA Moscow,0,Unicaja Malaga,MAL,CSKA Moscow,CSK
MAL       ,,43,02:24,28,431,"SUAREZ, CARLOS",PJJS      ,Foul Drawn (4),RV,,,Unicaja Malaga,0,Unicaja Malaga,MAL,CSKA Moscow,CSK
MAL       ,,17,02:24,28,432,"SHERMADINI, GIORGI",P001386   ,In,IN,,,Unicaja Malaga,0,Unicaja Malaga,MAL,CSKA Moscow,CSK
MAL       ,,40,02:24,28,433,"AUGUSTINE, JAMES",P001438   ,Out,OUT,,,Unicaja Malaga,0,Unicaja Malaga,MAL,CSKA Moscow,CSK
MAL       ,,43,02:24,28,434,"SUAREZ, CARLOS",PJJS      ,Free Throw In (3/3 -  12 pt),FTM,64.0,58.0,Unicaja Malaga,0,Unicaja Malaga,MAL,CSKA Moscow,CSK
MAL       ,,43,02:24,28,435,"SUAREZ, CARLOS",PJJS      ,Missed Free Throw (3/4 -  12 pt),FTA,,,Unicaja Malaga,0,Unicaja Malaga,MAL,CSKA Moscow,CSK
CSK       ,,1,02:24,28,436,"DE COLO, NANDO",P002100   ,Def Rebound (3),D,,,CSKA Moscow,0,Unicaja Malaga,MAL,CSKA Moscow,CSK
MAL       ,,17,01:56,29,438,"SHERMADINI, GIORGI",P001386   ,Foul (2),CM,,,Unicaja Malaga,0,Unicaja Malaga,MAL,CSKA Moscow,CSK
CSK       ,,1,01:56,29,439,"DE COLO, NANDO",P002100   ,Foul Drawn (3),RV,,,CSKA Moscow,0,Unicaja Malaga,MAL,CSKA Moscow,CSK
MAL       ,,9,01:56,29,440,"DIAZ, ALBERTO",P004213   ,In,IN,,,Unicaja Malaga,0,Unicaja Malaga,MAL,CSKA Moscow,CSK
MAL       ,,10,01:56,29,441,"SALIN, SASU",P002820   ,Out,OUT,,,Unicaja Malaga,0,Unicaja Malaga,MAL,CSKA Moscow,CSK
CSK       ,,1,01:56,29,442,"DE COLO, NANDO",P002100   ,Free Throw In (4/4 -  9 pt),FTM,64.0,59.0,CSKA Moscow,0,Unicaja Malaga,MAL,CSKA Moscow,CSK
CSK       ,,1,01:56,29,443,"DE COLO, NANDO",P002100   ,Free Throw In (5/5 -  10 pt),FTM,64.0,60.0,CSKA Moscow,0,Unicaja Malaga,MAL,CSKA Moscow,CSK
CSK       ,,44,01:39,29,444,"HUNTER, OTHELLO",P005160   ,Foul (4),CM,,,CSKA Moscow,0,Unicaja Malaga,MAL,CSKA Moscow,CSK
MAL       ,,17,01:39,29,445,"SHERMADINI, GIORGI",P001386   ,Foul Drawn (3),RV,,,Unicaja Malaga,0,Unicaja Malaga,MAL,CSKA Moscow,CSK
MAL       ,,17,01:39,29,446,"SHERMADINI, GIORGI",P001386   ,Missed Free Throw (1/3 -  3 pt),FTA,,,Unicaja Malaga,0,Unicaja Malaga,MAL,CSKA Moscow,CSK
MAL       ,,17,01:39,29,447,"SHERMADINI, GIORGI",P001386   ,Free Throw In (2/4 -  4 pt),FTM,65.0,60.0,Unicaja Malaga,0,Unicaja Malaga,MAL,CSKA Moscow,CSK
MAL       ,,9,01:39,29,448,"DIAZ, ALBERTO",P004213   ,Assist (4),AS,,,Unicaja Malaga,0,Unicaja Malaga,MAL,CSKA Moscow,CSK
CSK       ,,1,01:25,29,449,"DE COLO, NANDO",P002100   ,Turnover (8),TO,,,CSKA Moscow,0,Unicaja Malaga,MAL,CSKA Moscow,CSK
MAL       ,,17,01:24,29,450,"SHERMADINI, GIORGI",P001386   ,Steal (1),ST,,,Unicaja Malaga,0,Unicaja Malaga,MAL,CSKA Moscow,CSK
MAL       ,,12,01:14,29,451,"MILOSAVLJEVIC, DRAGAN",P002822   ,Missed Three Pointer (0/2 -  0 pt),3FGA,,,Unicaja Malaga,0,Unicaja Malaga,MAL,CSKA Moscow,CSK
MAL       ,,43,01:11,29,452,"SUAREZ, CARLOS",PJJS      ,Off Rebound (1),O,,,Unicaja Malaga,0,Unicaja Malaga,MAL,CSKA Moscow,CSK
MAL       ,,43,01:00,29,453,"SUAREZ, CARLOS",PJJS      ,Missed Three Pointer (3/4 -  12 pt),3FGA,,,Unicaja Malaga,0,Unicaja Malaga,MAL,CSKA Moscow,CSK
CSK       ,,22,00:55,30,455,"HIGGINS, CORY",P006450   ,Def Rebound (1),D,,,CSKA Moscow,0,Unicaja Malaga,MAL,CSKA Moscow,CSK
CSK       ,,13,00:40,30,456,"RODRIGUEZ, SERGIO",PCVM      ,Three Pointer (1/4 -  11 pt),3FGM,65.0,63.0,CSKA Moscow,0,Unicaja Malaga,MAL,CSKA Moscow,CSK
CSK       ,,22,00:38,30,457,"HIGGINS, CORY",P006450   ,Assist (3),AS,,,CSKA Moscow,0,Unicaja Malaga,MAL,CSKA Moscow,CSK
MAL       ,,17,00:25,30,458,"SHERMADINI, GIORGI",P001386   ,Offensive Foul (3),OF,,,Unicaja Malaga,0,Unicaja Malaga,MAL,CSKA Moscow,CSK
MAL       ,,17,00:25,30,459,"SHERMADINI, GIORGI",P001386   ,Turnover (2),TO,,,Unicaja Malaga,0,Unicaja Malaga,MAL,CSKA Moscow,CSK
CSK       ,,44,00:25,30,460,"HUNTER, OTHELLO",P005160   ,Foul Drawn (1),RV,,,CSKA Moscow,0,Unicaja Malaga,MAL,CSKA Moscow,CSK
CSK       ,,22,00:00,30,461,"HIGGINS, CORY",P006450   ,Missed Three Pointer (1/3 -  10 pt),3FGA,,,CSKA Moscow,0,Unicaja Malaga,MAL,CSKA Moscow,CSK
MAL       ,,9,00:00,30,462,"DIAZ, ALBERTO",P004213   ,Def Rebound (1),D,,,Unicaja Malaga,0,Unicaja Malaga,MAL,CSKA Moscow,CSK
          ,,,,31,464,,          ,End Period,EP,,,,0,Unicaja Malaga,MAL,CSKA Moscow,CSK
          ,,,,31,467,,          ,Begin Period,BP,,,,0,Unicaja Malaga,MAL,CSKA Moscow,CSK
MAL       ,,3,10:00,31,465,"MCCALLUM, RAY",P008002   ,Out,OUT,,,Unicaja Malaga,0,Unicaja Malaga,MAL,CSKA Moscow,CSK
MAL       ,,10,10:00,31,466,"SALIN, SASU",P002820   ,In,IN,,,Unicaja Malaga,0,Unicaja Malaga,MAL,CSKA Moscow,CSK
MAL       ,,43,09:40,31,468,"SUAREZ, CARLOS",PJJS      ,Missed Three Pointer (3/5 -  12 pt),3FGA,,,Unicaja Malaga,0,Unicaja Malaga,MAL,CSKA Moscow,CSK
CSK       ,,44,09:38,31,469,"HUNTER, OTHELLO",P005160   ,Def Rebound (3),D,,,CSKA Moscow,0,Unicaja Malaga,MAL,CSKA Moscow,CSK
MAL       ,,9,09:36,31,470,"DIAZ, ALBERTO",P004213   ,Foul (2),CM,,,Unicaja Malaga,0,Unicaja Malaga,MAL,CSKA Moscow,CSK
CSK       ,,1,09:36,31,471,"DE COLO, NANDO",P002100   ,Foul Drawn (4),RV,,,CSKA Moscow,0,Unicaja Malaga,MAL,CSKA Moscow,CSK
CSK       ,,13,09:22,31,472,"RODRIGUEZ, SERGIO",PCVM      ,Three Pointer (2/5 -  14 pt),3FGM,65.0,66.0,CSKA Moscow,0,Unicaja Malaga,MAL,CSKA Moscow,CSK
MAL       ,,17,09:16,31,473,"SHERMADINI, GIORGI",P001386   ,Offensive Foul (4),OF,,,Unicaja Malaga,0,Unicaja Malaga,MAL,CSKA Moscow,CSK
MAL       ,,17,09:16,31,474,"SHERMADINI, GIORGI",P001386   ,Turnover (3),TO,,,Unicaja Malaga,0,Unicaja Malaga,MAL,CSKA Moscow,CSK
CSK       ,,13,09:16,31,475,"RODRIGUEZ, SERGIO",PCVM      ,Foul Drawn (5),RV,,,CSKA Moscow,0,Unicaja Malaga,MAL,CSKA Moscow,CSK
MAL       ,,17,09:16,31,476,"SHERMADINI, GIORGI",P001386   ,Out,OUT,,,Unicaja Malaga,0,Unicaja Malaga,MAL,CSKA Moscow,CSK
MAL       ,,40,09:16,31,477,"AUGUSTINE, JAMES",P001438   ,In,IN,,,Unicaja Malaga,0,Unicaja Malaga,MAL,CSKA Moscow,CSK
CSK       ,,44,08:56,32,479,"HUNTER, OTHELLO",P005160   ,Missed Two Pointer (5/6 -  10 pt),2FGA,,,CSKA Moscow,0,Unicaja Malaga,MAL,CSKA Moscow,CSK
MAL       ,,43,08:55,32,480,"SUAREZ, CARLOS",PJJS      ,Def Rebound (3),D,,,Unicaja Malaga,0,Unicaja Malaga,MAL,CSKA Moscow,CSK
CSK       ,,21,08:55,32,481,"CLYBURN, WILL",P004888   ,Foul (3),CM,,,CSKA Moscow,0,Unicaja Malaga,MAL,CSKA Moscow,CSK
MAL       ,,43,08:55,32,482,"SUAREZ, CARLOS",PJJS      ,Foul Drawn (5),RV,,,Unicaja Malaga,0,Unicaja Malaga,MAL,CSKA Moscow,CSK
CSK       ,,22,08:45,32,483,"HIGGINS, CORY",P006450   ,Foul (4),CM,,,CSKA Moscow,0,Unicaja Malaga,MAL,CSKA Moscow,CSK
MAL       ,,10,08:45,32,484,"SALIN, SASU",P002820   ,Foul Drawn (3),RV,,,Unicaja Malaga,0,Unicaja Malaga,MAL,CSKA Moscow,CSK
MAL       ,,10,08:31,32,485,"SALIN, SASU",P002820   ,Missed Three Pointer (1/5 -  5 pt),3FGA,,,Unicaja Malaga,0,Unicaja Malaga,MAL,CSKA Moscow,CSK
MAL       ,,10,08:28,32,486,"SALIN, SASU",P002820   ,Off Rebound (2),O,,,Unicaja Malaga,0,Unicaja Malaga,MAL,CSKA Moscow,CSK
MAL       ,,9,08:18,32,487,"DIAZ, ALBERTO",P004213   ,Missed Two Pointer (1/3 -  5 pt),2FGA,,,Unicaja Malaga,0,Unicaja Malaga,MAL,CSKA Moscow,CSK
CSK       ,,21,08:15,32,488,"CLYBURN, WILL",P004888   ,Def Rebound (3),D,,,CSKA Moscow,0,Unicaja Malaga,MAL,CSKA Moscow,CSK
CSK       ,,13,08:01,32,489,"RODRIGUEZ, SERGIO",PCVM      ,Missed Three Pointer (2/6 -  14 pt),3FGA,,,CSKA Moscow,0,Unicaja Malaga,MAL,CSKA Moscow,CSK
MAL       ,,12,07:59,33,491,"MILOSAVLJEVIC, DRAGAN",P002822   ,Def Rebound (1),D,,,Unicaja Malaga,0,Unicaja Malaga,MAL,CSKA Moscow,CSK
CSK       ,,21,07:55,33,492,"CLYBURN, WILL",P004888   ,Technical Foul (4),CMT,,,CSKA Moscow,0,Unicaja Malaga,MAL,CSKA Moscow,CSK
MAL       ,,3,07:55,33,493,"MCCALLUM, RAY",P008002   ,In,IN,,,Unicaja Malaga,0,Unicaja Malaga,MAL,CSKA Moscow,CSK
MAL       ,,9,07:55,33,494,"DIAZ, ALBERTO",P004213   ,Out,OUT,,,Unicaja Malaga,0,Unicaja Malaga,MAL,CSKA Moscow,CSK
CSK       ,,22,07:55,33,495,"HIGGINS, CORY",P006450   ,Out,OUT,,,CSKA Moscow,0,Unicaja Malaga,MAL,CSKA Moscow,CSK
CSK       ,,41,07:55,33,496,"KURBANOV, NIKITA",PJLX      ,In,IN,,,CSKA Moscow,0,Unicaja Malaga,MAL,CSKA Moscow,CSK
MAL       ,,43,07:55,33,497,"SUAREZ, CARLOS",PJJS      ,Free Throw In (4/5 -  13 pt),FTM,66.0,66.0,Unicaja Malaga,0,Unicaja Malaga,MAL,CSKA Moscow,CSK
MAL       ,,40,07:37,33,498,"AUGUSTINE, JAMES",P001438   ,Two Pointer (5/6 -  12 pt),2FGM,68.0,66.0,Unicaja Malaga,0,Unicaja Malaga,MAL,CSKA Moscow,CSK
MAL       ,,10,07:31,33,499,"SALIN, SASU",P002820   ,Assist (2),AS,,,Unicaja Malaga,0,Unicaja Malaga,MAL,CSKA Moscow,CSK
MAL       ,,12,07:26,33,500,"MILOSAVLJEVIC, DRAGAN",P002822   ,Foul (3),CM,,,Unicaja Malaga,0,Unicaja Malaga,MAL,CSKA Moscow,CSK
CSK       ,,21,07:26,33,501,"CLYBURN, WILL",P004888   ,Foul Drawn (2),RV,,,CSKA Moscow,0,Unicaja Malaga,MAL,CSKA Moscow,CSK
CSK       ,,20,07:26,33,502,"VORONTSEVICH, ANDREY",PLHI      ,In,IN,,,CSKA Moscow,0,Unicaja Malaga,MAL,CSKA Moscow,CSK
CSK       ,,21,07:26,33,503,"CLYBURN, WILL",P004888   ,Out,OUT,,,CSKA Moscow,0,Unicaja Malaga,MAL,CSKA Moscow,CSK
CSK       ,,42,07:26,33,504,"HINES, KYLE",P002812   ,In,IN,,,CSKA Moscow,0,Unicaja Malaga,MAL,CSKA Moscow,CSK
CSK       ,,44,07:26,33,505,"HUNTER, OTHELLO",P005160   ,Out,OUT,,,CSKA Moscow,0,Unicaja Malaga,MAL,CSKA Moscow,CSK
CSK       ,,20,07:26,33,506,"VORONTSEVICH, ANDREY",PLHI      ,Two Pointer (2/2 -  13 pt),2FGM,68.0,68.0,CSKA Moscow,0,Unicaja Malaga,MAL,CSKA Moscow,CSK
CSK       ,,13,07:26,33,507,"RODRIGUEZ, SERGIO",PCVM      ,Assist (3),AS,,,CSKA Moscow,0,Unicaja Malaga,MAL,CSKA Moscow,CSK
MAL       ,,3,07:04,33,508,"MCCALLUM, RAY",P008002   ,Turnover (2),TO,,,Unicaja Malaga,0,Unicaja Malaga,MAL,CSKA Moscow,CSK
CSK       ,,42,07:01,33,509,"HINES, KYLE",P002812   ,Steal (1),ST,,,CSKA Moscow,0,Unicaja Malaga,MAL,CSKA Moscow,CSK
CSK       ,,20,06:58,34,511,"VORONTSEVICH, ANDREY",PLHI      ,Missed Two Pointer (2/3 -  13 pt),2FGA,,,CSKA Moscow,0,Unicaja Malaga,MAL,CSKA Moscow,CSK
MAL       ,,43,06:55,34,512,"SUAREZ, CARLOS",PJJS      ,Def Rebound (4),D,,,Unicaja Malaga,0,Unicaja Malaga,MAL,CSKA Moscow,CSK
MAL       ,,12,06:52,34,513,"MILOSAVLJEVIC, DRAGAN",P002822   ,Missed Three Pointer (0/3 -  0 pt),3FGA,,,Unicaja Malaga,0,Unicaja Malaga,MAL,CSKA Moscow,CSK
MAL       ,,40,06:48,34,514,"AUGUSTINE, JAMES",P001438   ,Off Rebound (1),O,,,Unicaja Malaga,0,Unicaja Malaga,MAL,CSKA Moscow,CSK
MAL       ,,40,06:48,34,515,"AUGUSTINE, JAMES",P001438   ,Two Pointer (6/7 -  14 pt),2FGM,70.0,68.0,Unicaja Malaga,0,Unicaja Malaga,MAL,CSKA Moscow,CSK
MAL       ,,10,06:41,34,516,"SALIN, SASU",P002820   ,Foul (4),CM,,,Unicaja Malaga,0,Unicaja Malaga,MAL,CSKA Moscow,CSK
CSK       ,,42,06:41,34,517,"HINES, KYLE",P002812   ,Foul Drawn (1),RV,,,CSKA Moscow,0,Unicaja Malaga,MAL,CSKA Moscow,CSK
CSK       ,,42,06:41,34,519,"HINES, KYLE",P002812   ,Technical Foul (2),CMT,,,CSKA Moscow,0,Unicaja Malaga,MAL,CSKA Moscow,CSK
MAL       ,,10,06:41,34,520,"SALIN, SASU",P002820   ,Technical Foul (5),CMT,,,Unicaja Malaga,0,Unicaja Malaga,MAL,CSKA Moscow,CSK
MAL       ,,10,06:41,34,521,"SALIN, SASU",P002820   ,Out,OUT,,,Unicaja Malaga,0,Unicaja Malaga,MAL,CSKA Moscow,CSK
MAL       ,,21,06:41,34,522,"WACZYNSKI, ADAM",PLDX      ,In,IN,,,Unicaja Malaga,0,Unicaja Malaga,MAL,CSKA Moscow,CSK
CSK       ,,13,06:30,34,523,"RODRIGUEZ, SERGIO",PCVM      ,Two Pointer (3/3 -  16 pt),2FGM,70.0,70.0,CSKA Moscow,0,Unicaja Malaga,MAL,CSKA Moscow,CSK
MAL       ,,12,06:07,34,524,"MILOSAVLJEVIC, DRAGAN",P002822   ,Two Pointer (1/3 -  2 pt),2FGM,72.0,70.0,Unicaja Malaga,0,Unicaja Malaga,MAL,CSKA Moscow,CSK
CSK       ,,20,05:41,35,526,"VORONTSEVICH, ANDREY",PLHI      ,Missed Two Pointer (2/4 -  13 pt),2FGA,,,CSKA Moscow,0,Unicaja Malaga,MAL,CSKA Moscow,CSK
MAL       ,,40,05:39,35,527,"AUGUSTINE, JAMES",P001438   ,Def Rebound (5),D,,,Unicaja Malaga,0,Unicaja Malaga,MAL,CSKA Moscow,CSK
MAL       ,,3,05:37,35,528,"MCCALLUM, RAY",P008002   ,Turnover (3),TO,,,Unicaja Malaga,0,Unicaja Malaga,MAL,CSKA Moscow,CSK
CSK       ,,42,05:37,35,529,"HINES, KYLE",P002812   ,Steal (2),ST,,,CSKA Moscow,0,Unicaja Malaga,MAL,CSKA Moscow,CSK
CSK       ,,13,05:17,35,530,"RODRIGUEZ, SERGIO",PCVM      ,Three Pointer (3/7 -  19 pt),3FGM,72.0,73.0,CSKA Moscow,0,Unicaja Malaga,MAL,CSKA Moscow,CSK
CSK       ,,20,05:15,35,531,"VORONTSEVICH, ANDREY",PLHI      ,Assist (4),AS,,,CSKA Moscow,0,Unicaja Malaga,MAL,CSKA Moscow,CSK
CSK       ,,20,05:15,35,532,"VORONTSEVICH, ANDREY",PLHI      ,Out,OUT,,,CSKA Moscow,0,Unicaja Malaga,MAL,CSKA Moscow,CSK
CSK       ,,21,05:15,35,533,"CLYBURN, WILL",P004888   ,In,IN,,,CSKA Moscow,0,Unicaja Malaga,MAL,CSKA Moscow,CSK
MAL       ,,23,05:15,35,534,"BROOKS, JEFF",P004117   ,In,IN,,,Unicaja Malaga,0,Unicaja Malaga,MAL,CSKA Moscow,CSK
MAL       ,,43,05:15,35,535,"SUAREZ, CARLOS",PJJS      ,Out,OUT,,,Unicaja Malaga,0,Unicaja Malaga,MAL,CSKA Moscow,CSK
MAL       ,,12,04:53,36,537,"MILOSAVLJEVIC, DRAGAN",P002822   ,Two Pointer (2/4 -  4 pt),2FGM,74.0,73.0,Unicaja Malaga,0,Unicaja Malaga,MAL,CSKA Moscow,CSK
CSK       ,,21,04:40,36,538,"CLYBURN, WILL",P004888   ,Three Pointer (1/2 -  6 pt),3FGM,74.0,76.0,CSKA Moscow,0,Unicaja Malaga,MAL,CSKA Moscow,CSK
CSK       ,,42,04:40,36,539,"HINES, KYLE",P002812   ,Assist (1),AS,,,CSKA Moscow,0,Unicaja Malaga,MAL,CSKA Moscow,CSK
MAL       ,,3,04:13,36,540,"MCCALLUM, RAY",P008002   ,Turnover (4),TO,,,Unicaja Malaga,0,Unicaja Malaga,MAL,CSKA Moscow,CSK
          ,,,04:13,36,541,,          ,TV Time Out (1),TOUT_TV,,,,0,Unicaja Malaga,MAL,CSKA Moscow,CSK
CSK       ,,,04:13,36,542,,          ,Time Out (1),TOUT,,,CSKA Moscow,0,Unicaja Malaga,MAL,CSKA Moscow,CSK
CSK       ,,1,04:05,36,543,"DE COLO, NANDO",P002100   ,Three Pointer (2/3 -  13 pt),3FGM,74.0,79.0,CSKA Moscow,0,Unicaja Malaga,MAL,CSKA Moscow,CSK
CSK       ,,13,04:05,36,544,"RODRIGUEZ, SERGIO",PCVM      ,Assist (4),AS,,,CSKA Moscow,0,Unicaja Malaga,MAL,CSKA Moscow,CSK
MAL       ,,21,03:55,37,546,"WACZYNSKI, ADAM",PLDX      ,Foul Drawn (3),RV,,,Unicaja Malaga,0,Unicaja Malaga,MAL,CSKA Moscow,CSK
CSK       ,,1,03:55,37,547,"DE COLO, NANDO",P002100   ,Foul (2),CM,,,CSKA Moscow,0,Unicaja Malaga,MAL,CSKA Moscow,CSK
MAL       ,,21,03:55,37,548,"WACZYNSKI, ADAM",PLDX      ,Missed Free Throw (2/3 -  13 pt),FTA,,,Unicaja Malaga,0,Unicaja Malaga,MAL,CSKA Moscow,CSK
MAL       ,,21,03:55,37,549,"WACZYNSKI, ADAM",PLDX      ,Missed Free Throw (2/4 -  13 pt),FTA,,,Unicaja Malaga,0,Unicaja Malaga,MAL,CSKA Moscow,CSK
MAL       ,,21,03:55,37,550,"WACZYNSKI, ADAM",PLDX      ,Off Rebound (2),O,,,Unicaja Malaga,0,Unicaja Malaga,MAL,CSKA Moscow,CSK
MAL       ,,21,03:25,37,551,"WACZYNSKI, ADAM",PLDX      ,Missed Two Pointer (1/3 -  13 pt),2FGA,,,Unicaja Malaga,0,Unicaja Malaga,MAL,CSKA Moscow,CSK
MAL       ,,21,03:25,37,552,"WACZYNSKI, ADAM",PLDX      ,Shot Rejected (1),AG,,,Unicaja Malaga,0,Unicaja Malaga,MAL,CSKA Moscow,CSK
CSK       ,,42,03:22,37,553,"HINES, KYLE",P002812   ,Block (1),FV,,,CSKA Moscow,0,Unicaja Malaga,MAL,CSKA Moscow,CSK
CSK       ,,42,03:21,37,554,"HINES, KYLE",P002812   ,Def Rebound (5),D,,,CSKA Moscow,0,Unicaja Malaga,MAL,CSKA Moscow,CSK
CSK       ,,42,03:18,37,555,"HINES, KYLE",P002812   ,Assist (2),AS,,,CSKA Moscow,0,Unicaja Malaga,MAL,CSKA Moscow,CSK
CSK       ,,13,03:15,37,556,"RODRIGUEZ, SERGIO",PCVM      ,Two Pointer (4/4 -  21 pt),2FGM,74.0,81.0,CSKA Moscow,0,Unicaja Malaga,MAL,CSKA Moscow,CSK
MAL       ,,21,02:57,38,558,"WACZYNSKI, ADAM",PLDX      ,Missed Two Pointer (1/4 -  13 pt),2FGA,,,Unicaja Malaga,0,Unicaja Malaga,MAL,CSKA Moscow,CSK
MAL       ,,40,02:55,38,559,"AUGUSTINE, JAMES",P001438   ,Off Rebound (2),O,,,Unicaja Malaga,0,Unicaja Malaga,MAL,CSKA Moscow,CSK
MAL       ,,40,02:55,38,560,"AUGUSTINE, JAMES",P001438   ,Two Pointer (7/8 -  16 pt),2FGM,76.0,81.0,Unicaja Malaga,0,Unicaja Malaga,MAL,CSKA Moscow,CSK
CSK       ,,42,02:46,38,561,"HINES, KYLE",P002812   ,Missed Two Pointer (2/4 -  4 pt),2FGA,,,CSKA Moscow,0,Unicaja Malaga,MAL,CSKA Moscow,CSK
CSK       ,,42,02:46,38,562,"HINES, KYLE",P002812   ,Off Rebound (2),O,,,CSKA Moscow,0,Unicaja Malaga,MAL,CSKA Moscow,CSK
CSK       ,,42,02:46,38,563,"HINES, KYLE",P002812   ,Two Pointer (3/5 -  6 pt),2FGM,76.0,83.0,CSKA Moscow,0,Unicaja Malaga,MAL,CSKA Moscow,CSK
MAL       ,,3,02:46,38,564,"MCCALLUM, RAY",P008002   ,Missed Two Pointer (5/6 -  12 pt),2FGA,,,Unicaja Malaga,0,Unicaja Malaga,MAL,CSKA Moscow,CSK
CSK       ,,21,02:46,38,565,"CLYBURN, WILL",P004888   ,Def Rebound (4),D,,,CSKA Moscow,0,Unicaja Malaga,MAL,CSKA Moscow,CSK
CSK       ,,21,02:46,38,566,"CLYBURN, WILL",P004888   ,Missed Three Pointer (1/3 -  6 pt),3FGA,,,CSKA Moscow,0,Unicaja Malaga,MAL,CSKA Moscow,CSK
MAL       ,,40,02:46,38,567,"AUGUSTINE, JAMES",P001438   ,Def Rebound (6),D,,,Unicaja Malaga,0,Unicaja Malaga,MAL,CSKA Moscow,CSK
MAL       ,,3,01:59,39,569,"MCCALLUM, RAY",P008002   ,Turnover (5),TO,,,Unicaja Malaga,0,Unicaja Malaga,MAL,CSKA Moscow,CSK
CSK       ,,21,01:57,39,570,"CLYBURN, WILL",P004888   ,Steal (2),ST,,,CSKA Moscow,0,Unicaja Malaga,MAL,CSKA Moscow,CSK
CSK       ,,41,01:57,39,571,"KURBANOV, NIKITA",PJLX      ,Two Pointer (2/2 -  6 pt),2FGM,76.0,85.0,CSKA Moscow,0,Unicaja Malaga,MAL,CSKA Moscow,CSK
CSK       ,,21,01:57,39,572,"CLYBURN, WILL",P004888   ,Assist (2),AS,,,CSKA Moscow,0,Unicaja Malaga,MAL,CSKA Moscow,CSK
MAL       ,,,01:57,39,573,,          ,Time Out (1),TOUT,,,Unicaja Malaga,0,Unicaja Malaga,MAL,CSKA Moscow,CSK
MAL       ,,3,01:39,39,574,"MCCALLUM, RAY",P008002   ,Missed Two Pointer (5/7 -  12 pt),2FGA,,,Unicaja Malaga,0,Unicaja Malaga,MAL,CSKA Moscow,CSK
MAL       ,,40,01:39,39,575,"AUGUSTINE, JAMES",P001438   ,Off Rebound (3),O,,,Unicaja Malaga,0,Unicaja Malaga,MAL,CSKA Moscow,CSK
MAL       ,,40,01:39,39,576,"AUGUSTINE, JAMES",P001438   ,Two Pointer (8/9 -  18 pt),2FGM,78.0,85.0,Unicaja Malaga,0,Unicaja Malaga,MAL,CSKA Moscow,CSK
CSK       ,,,01:14,39,577,,          ,Turnover (1),TO,,,CSKA Moscow,0,Unicaja Malaga,MAL,CSKA Moscow,CSK
MAL       ,,12,01:00,40,579,"MILOSAVLJEVIC, DRAGAN",P002822   ,Missed Three Pointer (0/4 -  4 pt),3FGA,,,Unicaja Malaga,0,Unicaja Malaga,MAL,CSKA Moscow,CSK
CSK       ,,42,00:57,40,580,"HINES, KYLE",P002812   ,Def Rebound (6),D,,,CSKA Moscow,0,Unicaja Malaga,MAL,CSKA Moscow,CSK
CSK       ,,13,00:41,40,581,"RODRIGUEZ, SERGIO",PCVM      ,Turnover (3),TO,,,CSKA Moscow,0,Unicaja Malaga,MAL,CSKA Moscow,CSK
MAL       ,,21,00:40,40,582,"WACZYNSKI, ADAM",PLDX      ,Steal (1),ST,,,Unicaja Malaga,0,Unicaja Malaga,MAL,CSKA Moscow,CSK
CSK       ,,1,00:39,40,583,"DE COLO, NANDO",P002100   ,Foul (3),CM,,,CSKA Moscow,0,Unicaja Malaga,MAL,CSKA Moscow,CSK
MAL       ,,21,00:39,40,584,"WACZYNSKI, ADAM",PLDX      ,Foul Drawn (4),RV,,,Unicaja Malaga,0,Unicaja Malaga,MAL,CSKA Moscow,CSK
MAL       ,,40,00:39,40,585,"AUGUSTINE, JAMES",P001438   ,Out,OUT,,,Unicaja Malaga,0,Unicaja Malaga,MAL,CSKA Moscow,CSK
MAL       ,,43,00:39,40,586,"SUAREZ, CARLOS",PJJS      ,In,IN,,,Unicaja Malaga,0,Unicaja Malaga,MAL,CSKA Moscow,CSK
MAL       ,,21,00:39,40,587,"WACZYNSKI, ADAM",PLDX      ,Free Throw In (3/5 -  14 pt),FTM,79.0,85.0,Unicaja Malaga,0,Unicaja Malaga,MAL,CSKA Moscow,CSK
MAL       ,,21,00:39,40,588,"WACZYNSKI, ADAM",PLDX      ,Free Throw In (4/6 -  15 pt),FTM,80.0,85.0,Unicaja Malaga,0,Unicaja Malaga,MAL,CSKA Moscow,CSK
CSK       ,,22,00:39,40,589,"HIGGINS, CORY",P006450   ,In,IN,,,CSKA Moscow,0,Unicaja Malaga,MAL,CSKA Moscow,CSK
CSK       ,,41,00:39,40,590,"KURBANOV, NIKITA",PJLX      ,Out,OUT,,,CSKA Moscow,0,Unicaja Malaga,MAL,CSKA Moscow,CSK
MAL       ,,21,00:39,40,591,"WACZYNSKI, ADAM",PLDX      ,Foul (3),CM,,,Unicaja Malaga,0,Unicaja Malaga,MAL,CSKA Moscow,CSK
CSK       ,,22,00:39,40,592,"HIGGINS, CORY",P006450   ,Foul Drawn (2),RV,,,CSKA Moscow,0,Unicaja Malaga,MAL,CSKA Moscow,CSK
CSK       ,,13,00:39,40,593,"RODRIGUEZ, SERGIO",PCVM      ,Out,OUT,,,CSKA Moscow,0,Unicaja Malaga,MAL,CSKA Moscow,CSK
CSK       ,,41,00:39,40,594,"KURBANOV, NIKITA",PJLX      ,In,IN,,,CSKA Moscow,0,Unicaja Malaga,MAL,CSKA Moscow,CSK
CSK       ,,22,00:39,40,595,"HIGGINS, CORY",P006450   ,Free Throw In (2/2 -  11 pt),FTM,80.0,86.0,CSKA Moscow,0,Unicaja Malaga,MAL,CSKA Moscow,CSK
CSK       ,,22,00:39,40,596,"HIGGINS, CORY",P006450   ,Free Throw In (3/3 -  12 pt),FTM,80.0,87.0,CSKA Moscow,0,Unicaja Malaga,MAL,CSKA Moscow,CSK
MAL       ,,12,00:30,40,597,"MILOSAVLJEVIC, DRAGAN",P002822   ,Missed Two Pointer (2/5 -  4 pt),2FGA,,,Unicaja Malaga,0,Unicaja Malaga,MAL,CSKA Moscow,CSK
CSK       ,,41,00:28,40,598,"KURBANOV, NIKITA",PJLX      ,Def Rebound (3),D,,,CSKA Moscow,0,Unicaja Malaga,MAL,CSKA Moscow,CSK
CSK       ,,22,00:26,40,599,"HIGGINS, CORY",P006450   ,Two Pointer (4/6 -  14 pt),2FGM,80.0,89.0,CSKA Moscow,0,Unicaja Malaga,MAL,CSKA Moscow,CSK
CSK       ,,1,00:26,40,600,"DE COLO, NANDO",P002100   ,Assist (4),AS,,,CSKA Moscow,0,Unicaja Malaga,MAL,CSKA Moscow,CSK
MAL       ,,23,00:11,40,601,"BROOKS, JEFF",P004117   ,Missed Two Pointer (1/2 -  2 pt),2FGA,,,Unicaja Malaga,0,Unicaja Malaga,MAL,CSKA Moscow,CSK
CSK       ,,,00:09,40,602,,          ,Def Rebound (2),D,,,CSKA Moscow,0,Unicaja Malaga,MAL,CSKA Moscow,CSK
CSK       ,,13,00:09,40,603,"RODRIGUEZ, SERGIO",PCVM      ,In,IN,,,CSKA Moscow,0,Unicaja Malaga,MAL,CSKA Moscow,CSK
CSK       ,,41,00:09,40,604,"KURBANOV, NIKITA",PJLX      ,Out,OUT,,,CSKA Moscow,0,Unicaja Malaga,MAL,CSKA Moscow,CSK
          ,,,,41,610,,          ,End Game,EG,,,,0,Unicaja Malaga,MAL,CSKA Moscow,CSK
