CODETEAM,COMMENT,DORSAL,MARKERTIME,MINUTE,NUMBEROFPLAY,PLAYER,PLAYER_ID,PLAYINFO,PLAYTYPE,POINTS_A,POINTS_B,TEAM,TYPE
          ,,,,1,2,,          ,Begin Period,BP,,,,0
KHI       ,,1,09:59,1,3,"SHVED, ALEXEY",PKVZ      ,Two Pointer (1/1 -  2 pt),2FGM,,2.0,Khimki Moscow Region,0
RED       ,,6,09:26,1,4,"DANGUBIC, NEMANJA",P005942   ,Three Pointer (1/1 -  3 pt),3FGM,3.0,2.0,Crvena Zvezda mts Belgrade,0
RED       ,,22,09:25,1,5,"ROCHESTIE, TAYLOR",P002972   ,Assist (1),AS,,,Crvena Zvezda mts Belgrade,0
KHI       ,,13,09:07,1,6,"GILL, ANTHONY",P008001   ,Missed Two Pointer (0/1 -  0 pt),2FGA,,,Khimki Moscow Region,0
RED       ,,51,09:06,1,7,"BJELICA, MILKO",PCHX      ,Def Rebound (1),D,,,Crvena Zvezda mts Belgrade,0
RED       ,,51,08:54,2,9,"BJELICA, MILKO",PCHX      ,Missed Two Pointer (0/1 -  0 pt),2FGA,,,Crvena Zvezda mts Belgrade,0
KHI       ,,21,08:53,2,10,"ANDERSON, JAMES",P005938   ,Def Rebound (1),D,,,Khimki Moscow Region,0
KHI       ,,21,08:46,2,11,"ANDERSON, JAMES",P005938   ,Three Pointer (1/1 -  3 pt),3FGM,3.0,5.0,Khimki Moscow Region,0
KHI       ,,1,08:46,2,12,"SHVED, ALEXEY",PKVZ      ,Assist (1),AS,,,Khimki Moscow Region,0
RED       ,,6,08:22,2,13,"DANGUBIC, NEMANJA",P005942   ,Missed Two Pointer (0/1 -  3 pt),2FGA,,,Crvena Zvezda mts Belgrade,0
KHI       ,,1,08:21,2,14,"SHVED, ALEXEY",PKVZ      ,Def Rebound (1),D,,,Khimki Moscow Region,0
KHI       ,,22,08:16,2,15,"JENKINS, CHARLES",P005014   ,Missed Three Pointer (0/1 -  0 pt),3FGA,,,Khimki Moscow Region,0
KHI       ,,22,08:11,2,16,"JENKINS, CHARLES",P005014   ,Off Rebound (1),O,,,Khimki Moscow Region,0
RED       ,,10,08:07,2,17,"LAZIC, BRANKO",PLUO      ,Foul (1),CM,,,Crvena Zvezda mts Belgrade,0
KHI       ,,22,08:07,2,18,"JENKINS, CHARLES",P005014   ,Foul Drawn (1),RV,,,Khimki Moscow Region,0
KHI       ,,2,08:07,2,19,"HONEYCUTT, TYLER",P005800   ,In,IN,,,Khimki Moscow Region,0
KHI       ,,21,08:07,2,20,"ANDERSON, JAMES",P005938   ,Out,OUT,,,Khimki Moscow Region,0
KHI       ,,13,07:56,3,22,"GILL, ANTHONY",P008001   ,Missed Two Pointer (0/2 -  0 pt),2FGA,,,Khimki Moscow Region,0
RED       ,,22,07:56,3,23,"ROCHESTIE, TAYLOR",P002972   ,Def Rebound (1),D,,,Crvena Zvezda mts Belgrade,0
RED       ,,22,07:45,3,24,"ROCHESTIE, TAYLOR",P002972   ,Two Pointer (1/1 -  2 pt),2FGM,5.0,5.0,Crvena Zvezda mts Belgrade,0
KHI       ,,1,07:27,3,25,"SHVED, ALEXEY",PKVZ      ,Missed Three Pointer (0/1 -  2 pt),3FGA,,,Khimki Moscow Region,0
RED       ,,26,07:26,3,26,"LESSORT, MATHIAS",P003842   ,Def Rebound (1),D,,,Crvena Zvezda mts Belgrade,0
KHI       ,,22,07:21,3,27,"JENKINS, CHARLES",P005014   ,Foul (1),CM,,,Khimki Moscow Region,0
RED       ,,22,07:21,3,28,"ROCHESTIE, TAYLOR",P002972   ,Foul Drawn (1),RV,,,Crvena Zvezda mts Belgrade,0
RED       ,,6,07:10,3,29,"DANGUBIC, NEMANJA",P005942   ,Three Pointer (2/2 -  6 pt),3FGM,8.0,5.0,Crvena Zvezda mts Belgrade,0
RED       ,,22,07:10,3,30,"ROCHESTIE, TAYLOR",P002972   ,Assist (2),AS,,,Crvena Zvezda mts Belgrade,0
KHI       ,,13,06:41,4,32,"GILL, ANTHONY",P008001   ,Missed Two Pointer (0/3 -  0 pt),2FGA,,,Khimki Moscow Region,0
RED       ,,51,06:40,4,33,"BJELICA, MILKO",PCHX      ,Def Rebound (2),D,,,Crvena Zvezda mts Belgrade,0
RED       ,,6,06:25,4,34,"DANGUBIC, NEMANJA",P005942   ,Three Pointer (3/3 -  9 pt),3FGM,11.0,5.0,Crvena Zvezda mts Belgrade,0
RED       ,,22,06:25,4,35,"ROCHESTIE, TAYLOR",P002972   ,Assist (3),AS,,,Crvena Zvezda mts Belgrade,0
KHI       ,,1,06:04,4,36,"SHVED, ALEXEY",PKVZ      ,Missed Three Pointer (0/2 -  2 pt),3FGA,,,Khimki Moscow Region,0
RED       ,,6,06:03,4,37,"DANGUBIC, NEMANJA",P005942   ,Def Rebound (1),D,,,Crvena Zvezda mts Belgrade,0
RED       ,,6,05:52,5,39,"DANGUBIC, NEMANJA",P005942   ,Three Pointer (4/4 -  12 pt),3FGM,14.0,5.0,Crvena Zvezda mts Belgrade,0
RED       ,,51,05:52,5,40,"BJELICA, MILKO",PCHX      ,Assist (1),AS,,,Crvena Zvezda mts Belgrade,0
KHI       ,,23,05:32,5,41,"THOMAS, MALCOLM",P004251   ,Two Pointer (1/1 -  2 pt),2FGM,14.0,7.0,Khimki Moscow Region,0
KHI       ,,1,05:32,5,42,"SHVED, ALEXEY",PKVZ      ,Assist (2),AS,,,Khimki Moscow Region,0
RED       ,,10,05:32,5,43,"LAZIC, BRANKO",PLUO      ,Foul (2),CM,,,Crvena Zvezda mts Belgrade,0
KHI       ,,23,05:32,5,44,"THOMAS, MALCOLM",P004251   ,Foul Drawn (1),RV,,,Khimki Moscow Region,0
RED       ,,10,05:32,5,45,"LAZIC, BRANKO",PLUO      ,Out,OUT,,,Crvena Zvezda mts Belgrade,0
RED       ,,14,05:32,5,46,"FELDEINE, JAMES",P005918   ,In,IN,,,Crvena Zvezda mts Belgrade,0
KHI       ,,23,05:32,5,47,"THOMAS, MALCOLM",P004251   ,Free Throw In (1/1 -  3 pt),FTM,14.0,8.0,Khimki Moscow Region,0
RED       ,,6,05:11,5,48,"DANGUBIC, NEMANJA",P005942   ,Missed Three Pointer (4/5 -  12 pt),3FGA,,,Crvena Zvezda mts Belgrade,0
KHI       ,,,05:05,5,49,,          ,Def Rebound (1),D,,,Khimki Moscow Region,0
RED       ,,6,04:57,6,51,"DANGUBIC, NEMANJA",P005942   ,Foul (1),CM,,,Crvena Zvezda mts Belgrade,0
KHI       ,,1,04:57,6,52,"SHVED, ALEXEY",PKVZ      ,Foul Drawn (1),RV,,,Khimki Moscow Region,0
          ,,,04:57,6,53,,          ,TV Time Out (1),TOUT_TV,,,,0
KHI       ,,1,04:57,6,54,"SHVED, ALEXEY",PKVZ      ,Free Throw In (1/1 -  3 pt),FTM,14.0,9.0,Khimki Moscow Region,0
KHI       ,,1,04:57,6,55,"SHVED, ALEXEY",PKVZ      ,Free Throw In (2/2 -  4 pt),FTM,14.0,10.0,Khimki Moscow Region,0
RED       ,,14,04:42,6,56,"FELDEINE, JAMES",P005918   ,Two Pointer (1/1 -  2 pt),2FGM,16.0,10.0,Crvena Zvezda mts Belgrade,0
KHI       ,,1,04:17,6,57,"SHVED, ALEXEY",PKVZ      ,Missed Three Pointer (0/3 -  4 pt),3FGA,,,Khimki Moscow Region,0
KHI       ,,2,04:12,6,58,"HONEYCUTT, TYLER",P005800   ,Off Rebound (1),O,,,Khimki Moscow Region,0
KHI       ,,2,04:08,6,59,"HONEYCUTT, TYLER",P005800   ,Turnover (1),TO,,,Khimki Moscow Region,0
RED       ,,26,04:05,6,60,"LESSORT, MATHIAS",P003842   ,Steal (1),ST,,,Crvena Zvezda mts Belgrade,0
RED       ,,22,04:04,6,61,"ROCHESTIE, TAYLOR",P002972   ,Missed Two Pointer (1/2 -  2 pt),2FGA,,,Crvena Zvezda mts Belgrade,0
KHI       ,,22,04:02,6,62,"JENKINS, CHARLES",P005014   ,Def Rebound (1),D,,,Khimki Moscow Region,0
RED       ,,6,04:02,6,63,"DANGUBIC, NEMANJA",P005942   ,Unsportsmanlike Foul  (2),CMU,,,Crvena Zvezda mts Belgrade,0
KHI       ,,22,04:02,6,64,"JENKINS, CHARLES",P005014   ,Foul Drawn (2),RV,,,Khimki Moscow Region,0
KHI       ,,22,04:02,6,65,"JENKINS, CHARLES",P005014   ,Missed Free Throw (0/1 -  0 pt),FTA,,,Khimki Moscow Region,0
KHI       ,,22,04:02,6,66,"JENKINS, CHARLES",P005014   ,Missed Free Throw (0/2 -  0 pt),FTA,,,Khimki Moscow Region,0
RED       ,,6,04:02,6,67,"DANGUBIC, NEMANJA",P005942   ,Out,OUT,,,Crvena Zvezda mts Belgrade,0
RED       ,,7,04:02,6,68,"DAVIDOVAC, DEJAN",P007960   ,In,IN,,,Crvena Zvezda mts Belgrade,0
KHI       ,,22,03:48,7,70,"JENKINS, CHARLES",P005014   ,Missed Two Pointer (0/1 -  0 pt),2FGA,,,Khimki Moscow Region,0
RED       ,,26,03:48,7,71,"LESSORT, MATHIAS",P003842   ,Def Rebound (2),D,,,Crvena Zvezda mts Belgrade,0
RED       ,,22,03:34,7,72,"ROCHESTIE, TAYLOR",P002972   ,Two Pointer (2/3 -  4 pt),2FGM,18.0,10.0,Crvena Zvezda mts Belgrade,0
RED       ,,7,03:10,7,73,"DAVIDOVAC, DEJAN",P007960   ,Foul (1),CM,,,Crvena Zvezda mts Belgrade,0
KHI       ,,1,03:10,7,74,"SHVED, ALEXEY",PKVZ      ,Foul Drawn (2),RV,,,Khimki Moscow Region,0
KHI       ,,13,03:10,7,75,"GILL, ANTHONY",P008001   ,Out,OUT,,,Khimki Moscow Region,0
KHI       ,,20,03:10,7,76,"ZUBKOV, ANDREY",P003573   ,In,IN,,,Khimki Moscow Region,0
KHI       ,,1,03:10,7,77,"SHVED, ALEXEY",PKVZ      ,Free Throw In (3/3 -  5 pt),FTM,18.0,11.0,Khimki Moscow Region,0
KHI       ,,1,03:10,7,78,"SHVED, ALEXEY",PKVZ      ,Free Throw In (4/4 -  6 pt),FTM,18.0,12.0,Khimki Moscow Region,0
KHI       ,,1,03:01,7,79,"SHVED, ALEXEY",PKVZ      ,Foul (1),CM,,,Khimki Moscow Region,0
RED       ,,7,03:01,7,80,"DAVIDOVAC, DEJAN",P007960   ,Foul Drawn (1),RV,,,Crvena Zvezda mts Belgrade,0
RED       ,,14,02:56,8,82,"FELDEINE, JAMES",P005918   ,Missed Three Pointer (0/1 -  2 pt),3FGA,,,Crvena Zvezda mts Belgrade,0
RED       ,,14,02:56,8,83,"FELDEINE, JAMES",P005918   ,Off Rebound (1),O,,,Crvena Zvezda mts Belgrade,0
RED       ,,14,02:44,8,84,"FELDEINE, JAMES",P005918   ,Missed Two Pointer (1/2 -  2 pt),2FGA,,,Crvena Zvezda mts Belgrade,0
RED       ,,26,02:43,8,85,"LESSORT, MATHIAS",P003842   ,Off Rebound (1),O,,,Crvena Zvezda mts Belgrade,0
KHI       ,,22,02:43,8,86,"JENKINS, CHARLES",P005014   ,Foul (2),CM,,,Khimki Moscow Region,0
RED       ,,26,02:43,8,87,"LESSORT, MATHIAS",P003842   ,Foul Drawn (1),RV,,,Crvena Zvezda mts Belgrade,0
RED       ,,26,02:43,8,88,"LESSORT, MATHIAS",P003842   ,Missed Free Throw (0/1 -  0 pt),FTA,,,Crvena Zvezda mts Belgrade,0
RED       ,,26,02:43,8,89,"LESSORT, MATHIAS",P003842   ,Free Throw In (1/2 -  1 pt),FTM,19.0,12.0,Crvena Zvezda mts Belgrade,0
KHI       ,,9,02:43,8,90,"MARKOVIC, STEFAN",PLME      ,In,IN,,,Khimki Moscow Region,0
KHI       ,,22,02:43,8,91,"JENKINS, CHARLES",P005014   ,Out,OUT,,,Khimki Moscow Region,0
KHI       ,,2,02:31,8,92,"HONEYCUTT, TYLER",P005800   ,Missed Two Pointer (0/1 -  0 pt),2FGA,,,Khimki Moscow Region,0
RED       ,,51,02:29,8,93,"BJELICA, MILKO",PCHX      ,Def Rebound (3),D,,,Crvena Zvezda mts Belgrade,0
KHI       ,,2,02:23,8,94,"HONEYCUTT, TYLER",P005800   ,Foul (1),CM,,,Khimki Moscow Region,0
RED       ,,7,02:23,8,95,"DAVIDOVAC, DEJAN",P007960   ,Foul Drawn (2),RV,,,Crvena Zvezda mts Belgrade,0
RED       ,,12,02:23,8,96,"ANTIC, PERO",PBAE      ,In,IN,,,Crvena Zvezda mts Belgrade,0
RED       ,,26,02:23,8,97,"LESSORT, MATHIAS",P003842   ,Out,OUT,,,Crvena Zvezda mts Belgrade,0
KHI       ,,20,02:17,8,98,"ZUBKOV, ANDREY",P003573   ,Foul (1),CM,,,Khimki Moscow Region,0
RED       ,,51,02:17,8,99,"BJELICA, MILKO",PCHX      ,Foul Drawn (1),RV,,,Crvena Zvezda mts Belgrade,0
RED       ,,22,02:17,8,100,"ROCHESTIE, TAYLOR",P002972   ,Out,OUT,,,Crvena Zvezda mts Belgrade,0
RED       ,,31,02:17,8,101,"ENNIS, DYLAN",P008066   ,In,IN,,,Crvena Zvezda mts Belgrade,0
RED       ,,51,02:17,8,102,"BJELICA, MILKO",PCHX      ,Missed Free Throw (0/1 -  0 pt),FTA,,,Crvena Zvezda mts Belgrade,0
RED       ,,51,02:17,8,103,"BJELICA, MILKO",PCHX      ,Missed Free Throw (0/2 -  0 pt),FTA,,,Crvena Zvezda mts Belgrade,0
KHI       ,,20,02:16,8,104,"ZUBKOV, ANDREY",P003573   ,Def Rebound (1),D,,,Khimki Moscow Region,0
KHI       ,,23,02:05,8,105,"THOMAS, MALCOLM",P004251   ,Missed Two Pointer (1/2 -  3 pt),2FGA,,,Khimki Moscow Region,0
KHI       ,,1,02:04,8,106,"SHVED, ALEXEY",PKVZ      ,Off Rebound (1),O,,,Khimki Moscow Region,0
KHI       ,,20,01:51,9,108,"ZUBKOV, ANDREY",P003573   ,Missed Three Pointer (0/1 -  0 pt),3FGA,,,Khimki Moscow Region,0
RED       ,,31,01:49,9,109,"ENNIS, DYLAN",P008066   ,Def Rebound (1),D,,,Crvena Zvezda mts Belgrade,0
RED       ,,14,01:27,9,110,"FELDEINE, JAMES",P005918   ,Missed Two Pointer (1/3 -  2 pt),2FGA,,,Crvena Zvezda mts Belgrade,0
KHI       ,,20,01:27,9,111,"ZUBKOV, ANDREY",P003573   ,Def Rebound (2),D,,,Khimki Moscow Region,0
KHI       ,,2,01:18,9,112,"HONEYCUTT, TYLER",P005800   ,Missed Three Pointer (0/1 -  0 pt),3FGA,,,Khimki Moscow Region,0
RED       ,,31,01:17,9,113,"ENNIS, DYLAN",P008066   ,Def Rebound (2),D,,,Crvena Zvezda mts Belgrade,0
RED       ,,51,01:10,9,114,"BJELICA, MILKO",PCHX      ,Missed Two Pointer (0/2 -  0 pt),2FGA,,,Crvena Zvezda mts Belgrade,0
KHI       ,,2,01:09,9,115,"HONEYCUTT, TYLER",P005800   ,Def Rebound (1),D,,,Khimki Moscow Region,0
KHI       ,,9,00:55,10,117,"MARKOVIC, STEFAN",PLME      ,Missed Two Pointer (0/1 -  0 pt),2FGA,,,Khimki Moscow Region,0
RED       ,,31,00:54,10,118,"ENNIS, DYLAN",P008066   ,Def Rebound (3),D,,,Crvena Zvezda mts Belgrade,0
KHI       ,,2,00:48,10,119,"HONEYCUTT, TYLER",P005800   ,Foul (2),CM,,,Khimki Moscow Region,0
RED       ,,31,00:48,10,120,"ENNIS, DYLAN",P008066   ,Foul Drawn (1),RV,,,Crvena Zvezda mts Belgrade,0
RED       ,,16,00:48,10,121,"JANKOVIC, STEFAN",P007961   ,In,IN,,,Crvena Zvezda mts Belgrade,0
RED       ,,51,00:48,10,122,"BJELICA, MILKO",PCHX      ,Out,OUT,,,Crvena Zvezda mts Belgrade,0
KHI       ,,2,00:48,10,123,"HONEYCUTT, TYLER",P005800   ,Out,OUT,,,Khimki Moscow Region,0
KHI       ,,21,00:48,10,124,"ANDERSON, JAMES",P005938   ,In,IN,,,Khimki Moscow Region,0
RED       ,,31,00:48,10,125,"ENNIS, DYLAN",P008066   ,Free Throw In (1/1 -  1 pt),FTM,20.0,12.0,Crvena Zvezda mts Belgrade,0
RED       ,,31,00:48,10,126,"ENNIS, DYLAN",P008066   ,Free Throw In (2/2 -  2 pt),FTM,21.0,12.0,Crvena Zvezda mts Belgrade,0
KHI       ,,1,00:48,10,137,"SHVED, ALEXEY",PKVZ      ,Turnover (1),TO,,,Khimki Moscow Region,0
RED       ,,16,00:48,10,138,"JANKOVIC, STEFAN",P007961   ,Steal (1),ST,,,Crvena Zvezda mts Belgrade,0
RED       ,,16,00:48,10,139,"JANKOVIC, STEFAN",P007961   ,Turnover (1),TO,,,Crvena Zvezda mts Belgrade,0
KHI       ,,9,00:48,10,140,"MARKOVIC, STEFAN",PLME      ,Steal (1),ST,,,Khimki Moscow Region,0
KHI       ,,9,00:32,10,127,"MARKOVIC, STEFAN",PLME      ,Two Pointer (1/2 -  2 pt),2FGM,21.0,14.0,Khimki Moscow Region,0
RED       ,,12,00:17,10,128,"ANTIC, PERO",PBAE      ,Missed Three Pointer (0/1 -  0 pt),3FGA,,,Crvena Zvezda mts Belgrade,0
RED       ,,7,00:16,10,129,"DAVIDOVAC, DEJAN",P007960   ,Off Rebound (1),O,,,Crvena Zvezda mts Belgrade,0
RED       ,,7,00:08,10,130,"DAVIDOVAC, DEJAN",P007960   ,Missed Two Pointer (0/1 -  0 pt),2FGA,,,Crvena Zvezda mts Belgrade,0
KHI       ,,23,00:08,10,131,"THOMAS, MALCOLM",P004251   ,Def Rebound (1),D,,,Khimki Moscow Region,0
KHI       ,,1,00:02,10,132,"SHVED, ALEXEY",PKVZ      ,Missed Two Pointer (1/2 -  6 pt),2FGA,,,Khimki Moscow Region,0
RED       ,,31,00:01,10,133,"ENNIS, DYLAN",P008066   ,Def Rebound (4),D,,,Crvena Zvezda mts Belgrade,0
RED       ,,31,00:01,10,134,"ENNIS, DYLAN",P008066   ,Missed Three Pointer (0/1 -  2 pt),3FGA,,,Crvena Zvezda mts Belgrade,0
          ,,,,11,136,,          ,End Period,EP,,,,0
          ,,,,11,141,,          ,Begin Period,BP,,,,0
RED       ,,12,09:50,11,142,"ANTIC, PERO",PBAE      ,Turnover (1),TO,,,Crvena Zvezda mts Belgrade,0
KHI       ,,1,09:50,11,143,"SHVED, ALEXEY",PKVZ      ,Steal (1),ST,,,Khimki Moscow Region,0
RED       ,,16,09:47,11,144,"JANKOVIC, STEFAN",P007961   ,Foul (1),CM,,,Crvena Zvezda mts Belgrade,0
KHI       ,,1,09:47,11,145,"SHVED, ALEXEY",PKVZ      ,Foul Drawn (3),RV,,,Khimki Moscow Region,0
KHI       ,,20,09:36,11,146,"ZUBKOV, ANDREY",P003573   ,Missed Two Pointer (0/1 -  0 pt),2FGA,,,Khimki Moscow Region,0
KHI       ,,23,09:32,11,147,"THOMAS, MALCOLM",P004251   ,Off Rebound (1),O,,,Khimki Moscow Region,0
KHI       ,,1,09:30,11,148,"SHVED, ALEXEY",PKVZ      ,Three Pointer (1/4 -  9 pt),3FGM,21.0,17.0,Khimki Moscow Region,0
KHI       ,,23,09:30,11,149,"THOMAS, MALCOLM",P004251   ,Assist (1),AS,,,Khimki Moscow Region,0
RED       ,,7,09:08,11,150,"DAVIDOVAC, DEJAN",P007960   ,Missed Three Pointer (0/1 -  0 pt),3FGA,,,Crvena Zvezda mts Belgrade,0
KHI       ,,1,09:05,11,151,"SHVED, ALEXEY",PKVZ      ,Def Rebound (2),D,,,Khimki Moscow Region,0
KHI       ,,21,08:55,12,153,"ANDERSON, JAMES",P005938   ,Missed Three Pointer (1/2 -  3 pt),3FGA,,,Khimki Moscow Region,0
RED       ,,16,08:55,12,154,"JANKOVIC, STEFAN",P007961   ,Def Rebound (1),D,,,Crvena Zvezda mts Belgrade,0
RED       ,,14,08:38,12,155,"FELDEINE, JAMES",P005918   ,Missed Two Pointer (1/4 -  2 pt),2FGA,,,Crvena Zvezda mts Belgrade,0
KHI       ,,20,08:35,12,156,"ZUBKOV, ANDREY",P003573   ,Def Rebound (3),D,,,Khimki Moscow Region,0
KHI       ,,9,08:20,12,157,"MARKOVIC, STEFAN",PLME      ,Missed Three Pointer (0/1 -  2 pt),3FGA,,,Khimki Moscow Region,0
RED       ,,31,08:17,12,158,"ENNIS, DYLAN",P008066   ,Def Rebound (5),D,,,Crvena Zvezda mts Belgrade,0
KHI       ,,20,08:17,12,159,"ZUBKOV, ANDREY",P003573   ,Foul (2),CM,,,Khimki Moscow Region,0
RED       ,,31,08:17,12,160,"ENNIS, DYLAN",P008066   ,Foul Drawn (2),RV,,,Crvena Zvezda mts Belgrade,0
RED       ,,6,08:17,12,161,"DANGUBIC, NEMANJA",P005942   ,In,IN,,,Crvena Zvezda mts Belgrade,0
RED       ,,14,08:17,12,162,"FELDEINE, JAMES",P005918   ,Out,OUT,,,Crvena Zvezda mts Belgrade,0
KHI       ,,1,08:17,12,163,"SHVED, ALEXEY",PKVZ      ,Out,OUT,,,Khimki Moscow Region,0
KHI       ,,6,08:17,12,164,"VIALTSEV, EGOR",PBGV      ,In,IN,,,Khimki Moscow Region,0
RED       ,,12,08:06,12,165,"ANTIC, PERO",PBAE      ,Missed Three Pointer (0/2 -  0 pt),3FGA,,,Crvena Zvezda mts Belgrade,0
RED       ,,6,08:06,12,166,"DANGUBIC, NEMANJA",P005942   ,Off Rebound (1),O,,,Crvena Zvezda mts Belgrade,0
RED       ,,6,08:05,12,167,"DANGUBIC, NEMANJA",P005942   ,Turnover (1),TO,,,Crvena Zvezda mts Belgrade,0
KHI       ,,9,07:59,13,169,"MARKOVIC, STEFAN",PLME      ,Steal (2),ST,,,Khimki Moscow Region,0
RED       ,,7,07:59,13,170,"DAVIDOVAC, DEJAN",P007960   ,Foul (2),CM,,,Crvena Zvezda mts Belgrade,0
KHI       ,,9,07:59,13,171,"MARKOVIC, STEFAN",PLME      ,Foul Drawn (1),RV,,,Khimki Moscow Region,0
RED       ,,12,07:59,13,172,"ANTIC, PERO",PBAE      ,Out,OUT,,,Crvena Zvezda mts Belgrade,0
RED       ,,22,07:59,13,173,"ROCHESTIE, TAYLOR",P002972   ,In,IN,,,Crvena Zvezda mts Belgrade,0
RED       ,,26,07:59,13,174,"LESSORT, MATHIAS",P003842   ,In,IN,,,Crvena Zvezda mts Belgrade,0
RED       ,,31,07:59,13,175,"ENNIS, DYLAN",P008066   ,Out,OUT,,,Crvena Zvezda mts Belgrade,0
KHI       ,,19,07:59,13,176,"TODOROVIC, MARKO",P001612   ,In,IN,,,Khimki Moscow Region,0
KHI       ,,23,07:59,13,177,"THOMAS, MALCOLM",P004251   ,Out,OUT,,,Khimki Moscow Region,0
KHI       ,,9,07:36,13,178,"MARKOVIC, STEFAN",PLME      ,Two Pointer (2/3 -  4 pt),2FGM,21.0,19.0,Khimki Moscow Region,0
KHI       ,,6,07:36,13,179,"VIALTSEV, EGOR",PBGV      ,Assist (1),AS,,,Khimki Moscow Region,0
RED       ,,26,07:24,13,180,"LESSORT, MATHIAS",P003842   ,Offensive Foul (1),OF,,,Crvena Zvezda mts Belgrade,0
RED       ,,26,07:24,13,181,"LESSORT, MATHIAS",P003842   ,Turnover (1),TO,,,Crvena Zvezda mts Belgrade,0
KHI       ,,9,07:24,13,182,"MARKOVIC, STEFAN",PLME      ,Foul Drawn (2),RV,,,Khimki Moscow Region,0
RED       ,,,07:24,13,183,,          ,Time Out (1),TOUT,,,Crvena Zvezda mts Belgrade,0
RED       ,,7,07:24,13,184,"DAVIDOVAC, DEJAN",P007960   ,Out,OUT,,,Crvena Zvezda mts Belgrade,0
RED       ,,10,07:24,13,185,"LAZIC, BRANKO",PLUO      ,In,IN,,,Crvena Zvezda mts Belgrade,0
RED       ,,16,07:24,13,186,"JANKOVIC, STEFAN",P007961   ,Out,OUT,,,Crvena Zvezda mts Belgrade,0
RED       ,,51,07:24,13,187,"BJELICA, MILKO",PCHX      ,In,IN,,,Crvena Zvezda mts Belgrade,0
KHI       ,,21,07:08,13,188,"ANDERSON, JAMES",P005938   ,Two Pointer (1/1 -  5 pt),2FGM,21.0,21.0,Khimki Moscow Region,0
KHI       ,,9,07:08,13,189,"MARKOVIC, STEFAN",PLME      ,Assist (1),AS,,,Khimki Moscow Region,0
RED       ,,,07:03,13,190,,CO_A      ,Bench Foul (1),B,,,Crvena Zvezda mts Belgrade,0
RED       ,,,07:03,13,267,,          ,Turnover (1),TO,,,Crvena Zvezda mts Belgrade,0
KHI       ,,6,07:03,13,191,"VIALTSEV, EGOR",PBGV      ,Missed Free Throw (0/1 -  0 pt),FTA,,,Khimki Moscow Region,0
KHI       ,,20,06:49,14,193,"ZUBKOV, ANDREY",P003573   ,Missed Two Pointer (0/2 -  0 pt),2FGA,,,Khimki Moscow Region,0
KHI       ,,19,06:48,14,194,"TODOROVIC, MARKO",P001612   ,Off Rebound (1),O,,,Khimki Moscow Region,0
KHI       ,,19,06:41,14,195,"TODOROVIC, MARKO",P001612   ,Missed Two Pointer (0/1 -  0 pt),2FGA,,,Khimki Moscow Region,0
RED       ,,22,06:40,14,196,"ROCHESTIE, TAYLOR",P002972   ,Def Rebound (2),D,,,Crvena Zvezda mts Belgrade,0
KHI       ,,19,06:25,14,197,"TODOROVIC, MARKO",P001612   ,Foul (1),CM,,,Khimki Moscow Region,0
RED       ,,26,06:25,14,198,"LESSORT, MATHIAS",P003842   ,Foul Drawn (2),RV,,,Crvena Zvezda mts Belgrade,0
RED       ,,6,06:13,14,199,"DANGUBIC, NEMANJA",P005942   ,Two Pointer (1/2 -  14 pt),2FGM,23.0,21.0,Crvena Zvezda mts Belgrade,0
RED       ,,22,06:13,14,200,"ROCHESTIE, TAYLOR",P002972   ,Assist (4),AS,,,Crvena Zvezda mts Belgrade,0
KHI       ,,9,05:59,15,202,"MARKOVIC, STEFAN",PLME      ,Missed Two Pointer (2/4 -  4 pt),2FGA,,,Khimki Moscow Region,0
RED       ,,22,05:58,15,203,"ROCHESTIE, TAYLOR",P002972   ,Def Rebound (3),D,,,Crvena Zvezda mts Belgrade,0
KHI       ,,6,05:51,15,204,"VIALTSEV, EGOR",PBGV      ,Foul (1),CM,,,Khimki Moscow Region,0
RED       ,,26,05:51,15,205,"LESSORT, MATHIAS",P003842   ,Foul Drawn (3),RV,,,Crvena Zvezda mts Belgrade,0
RED       ,,26,05:51,15,206,"LESSORT, MATHIAS",P003842   ,Missed Free Throw (1/3 -  1 pt),FTA,,,Crvena Zvezda mts Belgrade,0
RED       ,,26,05:51,15,207,"LESSORT, MATHIAS",P003842   ,Free Throw In (2/4 -  2 pt),FTM,24.0,21.0,Crvena Zvezda mts Belgrade,0
RED       ,,22,05:51,15,208,"ROCHESTIE, TAYLOR",P002972   ,Assist (5),AS,,,Crvena Zvezda mts Belgrade,0
KHI       ,,21,05:38,15,209,"ANDERSON, JAMES",P005938   ,Turnover (1),TO,,,Khimki Moscow Region,0
RED       ,,26,05:38,15,210,"LESSORT, MATHIAS",P003842   ,Steal (2),ST,,,Crvena Zvezda mts Belgrade,0
RED       ,,22,05:20,15,211,"ROCHESTIE, TAYLOR",P002972   ,Three Pointer (1/1 -  7 pt),3FGM,27.0,21.0,Crvena Zvezda mts Belgrade,0
KHI       ,,19,04:59,16,213,"TODOROVIC, MARKO",P001612   ,Two Pointer (1/2 -  2 pt),2FGM,27.0,23.0,Khimki Moscow Region,0
KHI       ,,9,04:59,16,214,"MARKOVIC, STEFAN",PLME      ,Assist (2),AS,,,Khimki Moscow Region,0
RED       ,,22,04:39,16,215,"ROCHESTIE, TAYLOR",P002972   ,Missed Three Pointer (1/2 -  7 pt),3FGA,,,Crvena Zvezda mts Belgrade,0
RED       ,,26,04:37,16,216,"LESSORT, MATHIAS",P003842   ,Off Rebound (2),O,,,Crvena Zvezda mts Belgrade,0
KHI       ,,9,04:37,16,217,"MARKOVIC, STEFAN",PLME      ,Foul (1),CM,,,Khimki Moscow Region,0
RED       ,,26,04:37,16,218,"LESSORT, MATHIAS",P003842   ,Foul Drawn (4),RV,,,Crvena Zvezda mts Belgrade,0
KHI       ,,21,04:34,16,219,"ANDERSON, JAMES",P005938   ,Foul (1),CM,,,Khimki Moscow Region,0
RED       ,,6,04:34,16,220,"DANGUBIC, NEMANJA",P005942   ,Foul Drawn (1),RV,,,Crvena Zvezda mts Belgrade,0
RED       ,,6,04:34,16,221,"DANGUBIC, NEMANJA",P005942   ,Missed Free Throw (0/1 -  14 pt),FTA,,,Crvena Zvezda mts Belgrade,0
RED       ,,6,04:34,16,222,"DANGUBIC, NEMANJA",P005942   ,Free Throw In (1/2 -  15 pt),FTM,28.0,23.0,Crvena Zvezda mts Belgrade,0
KHI       ,,1,04:34,16,223,"SHVED, ALEXEY",PKVZ      ,In,IN,,,Khimki Moscow Region,0
KHI       ,,21,04:34,16,224,"ANDERSON, JAMES",P005938   ,Out,OUT,,,Khimki Moscow Region,0
KHI       ,,9,04:11,16,225,"MARKOVIC, STEFAN",PLME      ,Missed Two Pointer (2/5 -  4 pt),2FGA,,,Khimki Moscow Region,0
KHI       ,,6,04:08,16,226,"VIALTSEV, EGOR",PBGV      ,Off Rebound (1),O,,,Khimki Moscow Region,0
KHI       ,,20,04:03,16,227,"ZUBKOV, ANDREY",P003573   ,Missed Two Pointer (0/3 -  0 pt),2FGA,,,Khimki Moscow Region,0
KHI       ,,19,03:59,17,229,"TODOROVIC, MARKO",P001612   ,Off Rebound (2),O,,,Khimki Moscow Region,0
KHI       ,,19,03:59,17,230,"TODOROVIC, MARKO",P001612   ,Missed Two Pointer (1/3 -  2 pt),2FGA,,,Khimki Moscow Region,0
KHI       ,,20,03:59,17,231,"ZUBKOV, ANDREY",P003573   ,Off Rebound (1),O,,,Khimki Moscow Region,0
RED       ,,51,03:59,17,232,"BJELICA, MILKO",PCHX      ,Foul (1),CM,,,Crvena Zvezda mts Belgrade,0
KHI       ,,20,03:59,17,233,"ZUBKOV, ANDREY",P003573   ,Foul Drawn (1),RV,,,Khimki Moscow Region,0
KHI       ,,20,03:59,17,234,"ZUBKOV, ANDREY",P003573   ,Missed Free Throw (0/1 -  0 pt),FTA,,,Khimki Moscow Region,0
KHI       ,,20,03:59,17,235,"ZUBKOV, ANDREY",P003573   ,Free Throw In (1/2 -  1 pt),FTM,28.0,24.0,Khimki Moscow Region,0
KHI       ,,13,03:59,17,236,"GILL, ANTHONY",P008001   ,In,IN,,,Khimki Moscow Region,0
KHI       ,,20,03:59,17,237,"ZUBKOV, ANDREY",P003573   ,Out,OUT,,,Khimki Moscow Region,0
RED       ,,6,03:34,17,238,"DANGUBIC, NEMANJA",P005942   ,Missed Two Pointer (1/3 -  15 pt),2FGA,,,Crvena Zvezda mts Belgrade,0
RED       ,,51,03:33,17,239,"BJELICA, MILKO",PCHX      ,Off Rebound (1),O,,,Crvena Zvezda mts Belgrade,0
RED       ,,51,03:33,17,240,"BJELICA, MILKO",PCHX      ,Missed Two Pointer (0/3 -  0 pt),2FGA,,,Crvena Zvezda mts Belgrade,0
KHI       ,,13,03:32,17,241,"GILL, ANTHONY",P008001   ,Def Rebound (1),D,,,Khimki Moscow Region,0
KHI       ,,9,03:13,17,242,"MARKOVIC, STEFAN",PLME      ,Offensive Foul (2),OF,,,Khimki Moscow Region,0
KHI       ,,9,03:13,17,243,"MARKOVIC, STEFAN",PLME      ,Turnover (1),TO,,,Khimki Moscow Region,0
RED       ,,6,03:13,17,244,"DANGUBIC, NEMANJA",P005942   ,Foul Drawn (2),RV,,,Crvena Zvezda mts Belgrade,0
RED       ,,16,03:13,17,245,"JANKOVIC, STEFAN",P007961   ,In,IN,,,Crvena Zvezda mts Belgrade,0
RED       ,,51,03:13,17,246,"BJELICA, MILKO",PCHX      ,Out,OUT,,,Crvena Zvezda mts Belgrade,0
KHI       ,,9,03:13,17,247,"MARKOVIC, STEFAN",PLME      ,Out,OUT,,,Khimki Moscow Region,0
KHI       ,,22,03:13,17,248,"JENKINS, CHARLES",P005014   ,In,IN,,,Khimki Moscow Region,0
RED       ,,22,02:59,18,250,"ROCHESTIE, TAYLOR",P002972   ,Three Pointer (2/3 -  10 pt),3FGM,31.0,24.0,Crvena Zvezda mts Belgrade,0
RED       ,,10,02:46,18,251,"LAZIC, BRANKO",PLUO      ,Foul (3),CM,,,Crvena Zvezda mts Belgrade,0
KHI       ,,1,02:46,18,252,"SHVED, ALEXEY",PKVZ      ,Foul Drawn (4),RV,,,Khimki Moscow Region,0
RED       ,,10,02:46,18,253,"LAZIC, BRANKO",PLUO      ,Out,OUT,,,Crvena Zvezda mts Belgrade,0
RED       ,,14,02:46,18,254,"FELDEINE, JAMES",P005918   ,In,IN,,,Crvena Zvezda mts Belgrade,0
KHI       ,,1,02:46,18,255,"SHVED, ALEXEY",PKVZ      ,Free Throw In (5/5 -  10 pt),FTM,31.0,25.0,Khimki Moscow Region,0
KHI       ,,1,02:46,18,256,"SHVED, ALEXEY",PKVZ      ,Free Throw In (6/6 -  11 pt),FTM,31.0,26.0,Khimki Moscow Region,0
KHI       ,,1,02:46,18,257,"SHVED, ALEXEY",PKVZ      ,Missed Free Throw (6/7 -  11 pt),FTA,,,Khimki Moscow Region,0
RED       ,,,02:46,18,258,,          ,Def Rebound (2),D,,,Crvena Zvezda mts Belgrade,0
RED       ,,22,02:36,18,259,"ROCHESTIE, TAYLOR",P002972   ,Three Pointer (3/4 -  13 pt),3FGM,34.0,26.0,Crvena Zvezda mts Belgrade,0
KHI       ,,22,02:25,18,260,"JENKINS, CHARLES",P005014   ,Missed Two Pointer (0/2 -  0 pt),2FGA,,,Khimki Moscow Region,0
KHI       ,,13,02:23,18,261,"GILL, ANTHONY",P008001   ,Off Rebound (1),O,,,Khimki Moscow Region,0
KHI       ,,13,02:23,18,262,"GILL, ANTHONY",P008001   ,Missed Two Pointer (0/4 -  0 pt),2FGA,,,Khimki Moscow Region,0
RED       ,,26,02:21,18,263,"LESSORT, MATHIAS",P003842   ,Def Rebound (3),D,,,Crvena Zvezda mts Belgrade,0
RED       ,,6,02:07,18,264,"DANGUBIC, NEMANJA",P005942   ,Three Pointer (5/6 -  18 pt),3FGM,37.0,26.0,Crvena Zvezda mts Belgrade,0
RED       ,,14,02:07,18,265,"FELDEINE, JAMES",P005918   ,Assist (1),AS,,,Crvena Zvezda mts Belgrade,0
KHI       ,,,02:05,18,266,,          ,Time Out (1),TOUT,,,Khimki Moscow Region,0
KHI       ,,6,01:46,19,269,"VIALTSEV, EGOR",PBGV      ,Missed Three Pointer (0/1 -  0 pt),3FGA,,,Khimki Moscow Region,0
KHI       ,,,01:41,19,270,,          ,Off Rebound (1),O,,,Khimki Moscow Region,0
KHI       ,,1,01:32,19,271,"SHVED, ALEXEY",PKVZ      ,Missed Three Pointer (1/5 -  11 pt),3FGA,,,Khimki Moscow Region,0
RED       ,,22,01:29,19,272,"ROCHESTIE, TAYLOR",P002972   ,Def Rebound (4),D,,,Crvena Zvezda mts Belgrade,0
RED       ,,14,01:10,19,273,"FELDEINE, JAMES",P005918   ,Missed Three Pointer (0/2 -  2 pt),3FGA,,,Crvena Zvezda mts Belgrade,0
KHI       ,,19,01:09,19,274,"TODOROVIC, MARKO",P001612   ,Def Rebound (1),D,,,Khimki Moscow Region,0
RED       ,,16,00:59,20,276,"JANKOVIC, STEFAN",P007961   ,Foul (2),CM,,,Crvena Zvezda mts Belgrade,0
KHI       ,,22,00:59,20,277,"JENKINS, CHARLES",P005014   ,Foul Drawn (3),RV,,,Khimki Moscow Region,0
KHI       ,,22,00:59,20,278,"JENKINS, CHARLES",P005014   ,Free Throw In (1/3 -  1 pt),FTM,37.0,27.0,Khimki Moscow Region,0
KHI       ,,22,00:59,20,279,"JENKINS, CHARLES",P005014   ,Free Throw In (2/4 -  2 pt),FTM,37.0,28.0,Khimki Moscow Region,0
RED       ,,,00:59,20,280,,          ,Time Out (2),TOUT,,,Crvena Zvezda mts Belgrade,0
RED       ,,16,00:37,20,281,"JANKOVIC, STEFAN",P007961   ,Missed Two Pointer (0/1 -  0 pt),2FGA,,,Crvena Zvezda mts Belgrade,0
RED       ,,22,00:33,20,282,"ROCHESTIE, TAYLOR",P002972   ,Off Rebound (1),O,,,Crvena Zvezda mts Belgrade,0
RED       ,,6,00:25,20,283,"DANGUBIC, NEMANJA",P005942   ,Missed Three Pointer (5/7 -  18 pt),3FGA,,,Crvena Zvezda mts Belgrade,0
KHI       ,,22,00:23,20,284,"JENKINS, CHARLES",P005014   ,Def Rebound (2),D,,,Khimki Moscow Region,0
KHI       ,,13,00:04,20,285,"GILL, ANTHONY",P008001   ,Three Pointer (1/1 -  3 pt),3FGM,37.0,31.0,Khimki Moscow Region,0
KHI       ,,1,00:04,20,286,"SHVED, ALEXEY",PKVZ      ,Assist (3),AS,,,Khimki Moscow Region,0
          ,,,,21,288,,          ,End Period,EP,,,,0
          ,,,,21,299,,          ,Begin Period,BP,,,,0
RED       ,,7,10:00,21,289,"DAVIDOVAC, DEJAN",P007960   ,In,IN,,,Crvena Zvezda mts Belgrade,0
RED       ,,12,10:00,21,290,"ANTIC, PERO",PBAE      ,In,IN,,,Crvena Zvezda mts Belgrade,0
RED       ,,16,10:00,21,291,"JANKOVIC, STEFAN",P007961   ,Out,OUT,,,Crvena Zvezda mts Belgrade,0
RED       ,,22,10:00,21,292,"ROCHESTIE, TAYLOR",P002972   ,Out,OUT,,,Crvena Zvezda mts Belgrade,0
RED       ,,26,10:00,21,293,"LESSORT, MATHIAS",P003842   ,Out,OUT,,,Crvena Zvezda mts Belgrade,0
RED       ,,51,10:00,21,294,"BJELICA, MILKO",PCHX      ,In,IN,,,Crvena Zvezda mts Belgrade,0
KHI       ,,6,10:00,21,295,"VIALTSEV, EGOR",PBGV      ,Out,OUT,,,Khimki Moscow Region,0
KHI       ,,19,10:00,21,296,"TODOROVIC, MARKO",P001612   ,Out,OUT,,,Khimki Moscow Region,0
KHI       ,,21,10:00,21,297,"ANDERSON, JAMES",P005938   ,In,IN,,,Khimki Moscow Region,0
KHI       ,,23,10:00,21,298,"THOMAS, MALCOLM",P004251   ,In,IN,,,Khimki Moscow Region,0
KHI       ,,1,09:40,21,300,"SHVED, ALEXEY",PKVZ      ,Three Pointer (2/6 -  14 pt),3FGM,37.0,34.0,Khimki Moscow Region,0
RED       ,,7,09:12,21,301,"DAVIDOVAC, DEJAN",P007960   ,Missed Two Pointer (0/2 -  0 pt),2FGA,,,Crvena Zvezda mts Belgrade,0
KHI       ,,21,09:10,21,302,"ANDERSON, JAMES",P005938   ,Def Rebound (2),D,,,Khimki Moscow Region,0
RED       ,,7,09:01,21,303,"DAVIDOVAC, DEJAN",P007960   ,Foul (3),CM,,,Crvena Zvezda mts Belgrade,0
KHI       ,,13,09:01,21,304,"GILL, ANTHONY",P008001   ,Foul Drawn (1),RV,,,Khimki Moscow Region,0
KHI       ,,23,08:54,22,306,"THOMAS, MALCOLM",P004251   ,Two Pointer (2/3 -  5 pt),2FGM,37.0,36.0,Khimki Moscow Region,0
KHI       ,,1,08:54,22,307,"SHVED, ALEXEY",PKVZ      ,Assist (4),AS,,,Khimki Moscow Region,0
KHI       ,,13,08:27,22,308,"GILL, ANTHONY",P008001   ,Foul (1),CM,,,Khimki Moscow Region,0
RED       ,,14,08:27,22,309,"FELDEINE, JAMES",P005918   ,Foul Drawn (1),RV,,,Crvena Zvezda mts Belgrade,0
RED       ,,7,08:27,22,310,"DAVIDOVAC, DEJAN",P007960   ,Out,OUT,,,Crvena Zvezda mts Belgrade,0
RED       ,,22,08:27,22,311,"ROCHESTIE, TAYLOR",P002972   ,In,IN,,,Crvena Zvezda mts Belgrade,0
RED       ,,12,08:16,22,312,"ANTIC, PERO",PBAE      ,Missed Three Pointer (0/3 -  0 pt),3FGA,,,Crvena Zvezda mts Belgrade,0
KHI       ,,21,08:14,22,313,"ANDERSON, JAMES",P005938   ,Def Rebound (3),D,,,Khimki Moscow Region,0
KHI       ,,22,08:03,22,314,"JENKINS, CHARLES",P005014   ,Three Pointer (1/2 -  5 pt),3FGM,37.0,39.0,Khimki Moscow Region,0
KHI       ,,13,08:03,22,315,"GILL, ANTHONY",P008001   ,Assist (1),AS,,,Khimki Moscow Region,0
RED       ,,,08:01,22,316,,          ,Time Out (1),TOUT,,,Crvena Zvezda mts Belgrade,0
RED       ,,6,07:42,23,318,"DANGUBIC, NEMANJA",P005942   ,Missed Three Pointer (5/8 -  18 pt),3FGA,,,Crvena Zvezda mts Belgrade,0
KHI       ,,23,07:39,23,319,"THOMAS, MALCOLM",P004251   ,Def Rebound (2),D,,,Khimki Moscow Region,0
KHI       ,,21,07:29,23,320,"ANDERSON, JAMES",P005938   ,Missed Three Pointer (1/3 -  5 pt),3FGA,,,Khimki Moscow Region,0
RED       ,,,07:26,23,321,,          ,Def Rebound (3),D,,,Crvena Zvezda mts Belgrade,0
RED       ,,14,07:14,23,322,"FELDEINE, JAMES",P005918   ,Two Pointer (2/5 -  4 pt),2FGM,39.0,39.0,Crvena Zvezda mts Belgrade,0
RED       ,,22,06:57,24,324,"ROCHESTIE, TAYLOR",P002972   ,Foul (1),CM,,,Crvena Zvezda mts Belgrade,0
KHI       ,,21,06:57,24,325,"ANDERSON, JAMES",P005938   ,Foul Drawn (1),RV,,,Khimki Moscow Region,0
KHI       ,,23,06:50,24,326,"THOMAS, MALCOLM",P004251   ,Two Pointer (3/4 -  7 pt),2FGM,39.0,41.0,Khimki Moscow Region,0
KHI       ,,13,06:50,24,327,"GILL, ANTHONY",P008001   ,Assist (2),AS,,,Khimki Moscow Region,0
RED       ,,51,06:26,24,328,"BJELICA, MILKO",PCHX      ,Missed Three Pointer (0/1 -  0 pt),3FGA,,,Crvena Zvezda mts Belgrade,0
KHI       ,,1,06:25,24,329,"SHVED, ALEXEY",PKVZ      ,Def Rebound (3),D,,,Khimki Moscow Region,0
KHI       ,,21,06:17,24,330,"ANDERSON, JAMES",P005938   ,Two Pointer (2/2 -  7 pt),2FGM,39.0,43.0,Khimki Moscow Region,0
KHI       ,,13,05:58,25,332,"GILL, ANTHONY",P008001   ,Foul (2),CM,,,Khimki Moscow Region,0
RED       ,,51,05:58,25,333,"BJELICA, MILKO",PCHX      ,Foul Drawn (2),RV,,,Crvena Zvezda mts Belgrade,0
RED       ,,6,05:58,25,334,"DANGUBIC, NEMANJA",P005942   ,Out,OUT,,,Crvena Zvezda mts Belgrade,0
RED       ,,10,05:58,25,335,"LAZIC, BRANKO",PLUO      ,In,IN,,,Crvena Zvezda mts Belgrade,0
RED       ,,12,05:58,25,336,"ANTIC, PERO",PBAE      ,Out,OUT,,,Crvena Zvezda mts Belgrade,0
RED       ,,26,05:58,25,337,"LESSORT, MATHIAS",P003842   ,In,IN,,,Crvena Zvezda mts Belgrade,0
RED       ,,51,05:58,25,338,"BJELICA, MILKO",PCHX      ,Free Throw In (1/3 -  1 pt),FTM,40.0,43.0,Crvena Zvezda mts Belgrade,0
RED       ,,14,05:58,25,339,"FELDEINE, JAMES",P005918   ,Assist (2),AS,,,Crvena Zvezda mts Belgrade,0
RED       ,,51,05:58,25,340,"BJELICA, MILKO",PCHX      ,Free Throw In (2/4 -  2 pt),FTM,41.0,43.0,Crvena Zvezda mts Belgrade,0
RED       ,,16,05:58,25,341,"JANKOVIC, STEFAN",P007961   ,In,IN,,,Crvena Zvezda mts Belgrade,0
RED       ,,51,05:58,25,342,"BJELICA, MILKO",PCHX      ,Out,OUT,,,Crvena Zvezda mts Belgrade,0
KHI       ,,1,05:44,25,343,"SHVED, ALEXEY",PKVZ      ,Missed Three Pointer (2/7 -  14 pt),3FGA,,,Khimki Moscow Region,0
RED       ,,22,05:42,25,344,"ROCHESTIE, TAYLOR",P002972   ,Def Rebound (5),D,,,Crvena Zvezda mts Belgrade,0
KHI       ,,23,05:35,25,345,"THOMAS, MALCOLM",P004251   ,Foul (1),CM,,,Khimki Moscow Region,0
RED       ,,22,05:35,25,346,"ROCHESTIE, TAYLOR",P002972   ,Foul Drawn (2),RV,,,Crvena Zvezda mts Belgrade,0
RED       ,,22,05:35,25,347,"ROCHESTIE, TAYLOR",P002972   ,Free Throw In (1/1 -  14 pt),FTM,42.0,43.0,Crvena Zvezda mts Belgrade,0
RED       ,,22,05:35,25,348,"ROCHESTIE, TAYLOR",P002972   ,Free Throw In (2/2 -  15 pt),FTM,43.0,43.0,Crvena Zvezda mts Belgrade,0
KHI       ,,1,05:22,25,349,"SHVED, ALEXEY",PKVZ      ,Offensive Foul (2),OF,,,Khimki Moscow Region,0
KHI       ,,1,05:22,25,350,"SHVED, ALEXEY",PKVZ      ,Turnover (2),TO,,,Khimki Moscow Region,0
RED       ,,10,05:22,25,351,"LAZIC, BRANKO",PLUO      ,Foul Drawn (1),RV,,,Crvena Zvezda mts Belgrade,0
KHI       ,,,05:22,25,352,,          ,Time Out (1),TOUT,,,Khimki Moscow Region,0
RED       ,,14,05:05,25,353,"FELDEINE, JAMES",P005918   ,Two Pointer (3/6 -  6 pt),2FGM,45.0,43.0,Crvena Zvezda mts Belgrade,0
RED       ,,22,05:05,25,354,"ROCHESTIE, TAYLOR",P002972   ,Assist (6),AS,,,Crvena Zvezda mts Belgrade,0
KHI       ,,1,04:49,26,356,"SHVED, ALEXEY",PKVZ      ,Missed Three Pointer (2/8 -  14 pt),3FGA,,,Khimki Moscow Region,0
RED       ,,22,04:48,26,357,"ROCHESTIE, TAYLOR",P002972   ,Def Rebound (6),D,,,Crvena Zvezda mts Belgrade,0
KHI       ,,22,04:26,26,358,"JENKINS, CHARLES",P005014   ,Foul (3),CM,,,Khimki Moscow Region,0
RED       ,,26,04:26,26,359,"LESSORT, MATHIAS",P003842   ,Foul Drawn (5),RV,,,Crvena Zvezda mts Belgrade,0
RED       ,,26,04:26,26,360,"LESSORT, MATHIAS",P003842   ,Missed Free Throw (2/5 -  2 pt),FTA,,,Crvena Zvezda mts Belgrade,0
RED       ,,26,04:26,26,361,"LESSORT, MATHIAS",P003842   ,Free Throw In (3/6 -  3 pt),FTM,46.0,43.0,Crvena Zvezda mts Belgrade,0
RED       ,,22,04:26,26,362,"ROCHESTIE, TAYLOR",P002972   ,Assist (7),AS,,,Crvena Zvezda mts Belgrade,0
KHI       ,,9,04:26,26,363,"MARKOVIC, STEFAN",PLME      ,In,IN,,,Khimki Moscow Region,0
KHI       ,,22,04:26,26,364,"JENKINS, CHARLES",P005014   ,Out,OUT,,,Khimki Moscow Region,0
KHI       ,,13,04:07,26,365,"GILL, ANTHONY",P008001   ,Turnover (1),TO,,,Khimki Moscow Region,0
RED       ,,10,04:07,26,366,"LAZIC, BRANKO",PLUO      ,Steal (1),ST,,,Crvena Zvezda mts Belgrade,0
RED       ,,14,03:46,27,368,"FELDEINE, JAMES",P005918   ,Two Pointer (4/7 -  8 pt),2FGM,48.0,43.0,Crvena Zvezda mts Belgrade,0
KHI       ,,23,03:23,27,369,"THOMAS, MALCOLM",P004251   ,Two Pointer (4/5 -  9 pt),2FGM,48.0,45.0,Khimki Moscow Region,0
RED       ,,22,03:07,27,370,"ROCHESTIE, TAYLOR",P002972   ,Turnover (1),TO,,,Crvena Zvezda mts Belgrade,0
KHI       ,,13,03:07,27,371,"GILL, ANTHONY",P008001   ,Steal (1),ST,,,Khimki Moscow Region,0
KHI       ,,21,03:02,27,372,"ANDERSON, JAMES",P005938   ,Three Pointer (2/4 -  10 pt),3FGM,48.0,48.0,Khimki Moscow Region,0
KHI       ,,9,03:02,27,373,"MARKOVIC, STEFAN",PLME      ,Assist (3),AS,,,Khimki Moscow Region,0
RED       ,,10,02:37,28,375,"LAZIC, BRANKO",PLUO      ,Missed Three Pointer (0/1 -  0 pt),3FGA,,,Crvena Zvezda mts Belgrade,0
RED       ,,,02:33,28,376,,          ,Off Rebound (2),O,,,Crvena Zvezda mts Belgrade,0
KHI       ,,13,02:33,28,377,"GILL, ANTHONY",P008001   ,Foul (3),CM,,,Khimki Moscow Region,0
RED       ,,26,02:33,28,378,"LESSORT, MATHIAS",P003842   ,Foul Drawn (6),RV,,,Crvena Zvezda mts Belgrade,0
RED       ,,26,02:33,28,379,"LESSORT, MATHIAS",P003842   ,Missed Free Throw (3/7 -  3 pt),FTA,,,Crvena Zvezda mts Belgrade,0
RED       ,,26,02:33,28,380,"LESSORT, MATHIAS",P003842   ,Free Throw In (4/8 -  4 pt),FTM,49.0,48.0,Crvena Zvezda mts Belgrade,0
KHI       ,,12,02:33,28,381,"MONIA, SERGEY",PBFX      ,In,IN,,,Khimki Moscow Region,0
KHI       ,,13,02:33,28,382,"GILL, ANTHONY",P008001   ,Out,OUT,,,Khimki Moscow Region,0
RED       ,,26,02:20,28,383,"LESSORT, MATHIAS",P003842   ,Foul (2),CM,,,Crvena Zvezda mts Belgrade,0
KHI       ,,1,02:20,28,384,"SHVED, ALEXEY",PKVZ      ,Foul Drawn (5),RV,,,Khimki Moscow Region,0
KHI       ,,1,02:20,28,385,"SHVED, ALEXEY",PKVZ      ,Free Throw In (7/8 -  15 pt),FTM,49.0,49.0,Khimki Moscow Region,0
KHI       ,,12,02:20,28,386,"MONIA, SERGEY",PBFX      ,Assist (1),AS,,,Khimki Moscow Region,0
KHI       ,,1,02:20,28,387,"SHVED, ALEXEY",PKVZ      ,Free Throw In (8/9 -  16 pt),FTM,49.0,50.0,Khimki Moscow Region,0
RED       ,,14,02:10,28,388,"FELDEINE, JAMES",P005918   ,Missed Two Pointer (4/8 -  8 pt),2FGA,,,Crvena Zvezda mts Belgrade,0
KHI       ,,1,02:09,28,389,"SHVED, ALEXEY",PKVZ      ,Def Rebound (4),D,,,Khimki Moscow Region,0
KHI       ,,21,02:01,28,390,"ANDERSON, JAMES",P005938   ,Missed Three Pointer (2/5 -  10 pt),3FGA,,,Khimki Moscow Region,0
RED       ,,14,02:00,28,391,"FELDEINE, JAMES",P005918   ,Def Rebound (1),D,,,Crvena Zvezda mts Belgrade,0
KHI       ,,1,01:39,29,393,"SHVED, ALEXEY",PKVZ      ,Block (1),FV,,,Khimki Moscow Region,0
RED       ,,10,01:39,29,394,"LAZIC, BRANKO",PLUO      ,Missed Two Pointer (0/1 -  0 pt),2FGA,,,Crvena Zvezda mts Belgrade,0
RED       ,,10,01:39,29,395,"LAZIC, BRANKO",PLUO      ,Shot Rejected (1),AG,,,Crvena Zvezda mts Belgrade,0
RED       ,,14,01:39,29,396,"FELDEINE, JAMES",P005918   ,Off Rebound (2),O,,,Crvena Zvezda mts Belgrade,0
RED       ,,14,01:39,29,397,"FELDEINE, JAMES",P005918   ,Missed Two Pointer (4/9 -  8 pt),2FGA,,,Crvena Zvezda mts Belgrade,0
RED       ,,26,01:39,29,525,"LESSORT, MATHIAS",P003842   ,Off Rebound (3),O,,,Crvena Zvezda mts Belgrade,0
RED       ,,26,01:39,29,526,"LESSORT, MATHIAS",P003842   ,Turnover (2),TO,,,Crvena Zvezda mts Belgrade,0
KHI       ,,9,01:39,29,527,"MARKOVIC, STEFAN",PLME      ,Steal (3),ST,,,Khimki Moscow Region,0
KHI       ,,1,01:39,29,398,"SHVED, ALEXEY",PKVZ      ,Two Pointer (2/3 -  18 pt),2FGM,49.0,52.0,Khimki Moscow Region,0
KHI       ,,9,01:39,29,399,"MARKOVIC, STEFAN",PLME      ,Assist (4),AS,,,Khimki Moscow Region,0
RED       ,,22,01:08,29,400,"ROCHESTIE, TAYLOR",P002972   ,Three Pointer (4/5 -  18 pt),3FGM,52.0,52.0,Crvena Zvezda mts Belgrade,0
RED       ,,16,01:08,29,401,"JANKOVIC, STEFAN",P007961   ,Assist (1),AS,,,Crvena Zvezda mts Belgrade,0
KHI       ,,23,00:45,30,403,"THOMAS, MALCOLM",P004251   ,Missed Three Pointer (0/1 -  9 pt),3FGA,,,Khimki Moscow Region,0
RED       ,,,00:40,30,404,,          ,Def Rebound (4),D,,,Crvena Zvezda mts Belgrade,0
KHI       ,,1,00:40,30,405,"SHVED, ALEXEY",PKVZ      ,Out,OUT,,,Khimki Moscow Region,0
KHI       ,,2,00:40,30,406,"HONEYCUTT, TYLER",P005800   ,In,IN,,,Khimki Moscow Region,0
RED       ,,10,00:19,30,407,"LAZIC, BRANKO",PLUO      ,Missed Three Pointer (0/2 -  0 pt),3FGA,,,Crvena Zvezda mts Belgrade,0
RED       ,,26,00:18,30,408,"LESSORT, MATHIAS",P003842   ,Off Rebound (4),O,,,Crvena Zvezda mts Belgrade,0
KHI       ,,12,00:18,30,409,"MONIA, SERGEY",PBFX      ,Block (1),FV,,,Khimki Moscow Region,0
RED       ,,26,00:18,30,410,"LESSORT, MATHIAS",P003842   ,Missed Two Pointer (0/1 -  4 pt),2FGA,,,Crvena Zvezda mts Belgrade,0
RED       ,,26,00:18,30,411,"LESSORT, MATHIAS",P003842   ,Shot Rejected (1),AG,,,Crvena Zvezda mts Belgrade,0
RED       ,,22,00:18,30,412,"ROCHESTIE, TAYLOR",P002972   ,Off Rebound (2),O,,,Crvena Zvezda mts Belgrade,0
RED       ,,22,00:18,30,413,"ROCHESTIE, TAYLOR",P002972   ,Missed Three Pointer (4/6 -  18 pt),3FGA,,,Crvena Zvezda mts Belgrade,0
RED       ,,22,00:18,30,414,"ROCHESTIE, TAYLOR",P002972   ,Off Rebound (3),O,,,Crvena Zvezda mts Belgrade,0
RED       ,,22,00:18,30,415,"ROCHESTIE, TAYLOR",P002972   ,Two Pointer (3/4 -  20 pt),2FGM,54.0,52.0,Crvena Zvezda mts Belgrade,0
KHI       ,,12,00:00,30,416,"MONIA, SERGEY",PBFX      ,Missed Three Pointer (0/1 -  0 pt),3FGA,,,Khimki Moscow Region,0
          ,,,,31,418,,          ,End Period,EP,,,,0
          ,,,,31,425,,          ,Begin Period,BP,,,,0
RED       ,,6,10:00,31,419,"DANGUBIC, NEMANJA",P005942   ,In,IN,,,Crvena Zvezda mts Belgrade,0
RED       ,,10,10:00,31,420,"LAZIC, BRANKO",PLUO      ,Out,OUT,,,Crvena Zvezda mts Belgrade,0
RED       ,,14,10:00,31,421,"FELDEINE, JAMES",P005918   ,Out,OUT,,,Crvena Zvezda mts Belgrade,0
RED       ,,26,10:00,31,422,"LESSORT, MATHIAS",P003842   ,Out,OUT,,,Crvena Zvezda mts Belgrade,0
RED       ,,32,10:00,31,423,"JOVANOVIC, NIKOLA",P003264   ,In,IN,,,Crvena Zvezda mts Belgrade,0
RED       ,,51,10:00,31,424,"BJELICA, MILKO",PCHX      ,In,IN,,,Crvena Zvezda mts Belgrade,0
KHI       ,,12,09:49,31,426,"MONIA, SERGEY",PBFX      ,Foul (1),CM,,,Khimki Moscow Region,0
RED       ,,32,09:49,31,427,"JOVANOVIC, NIKOLA",P003264   ,Foul Drawn (1),RV,,,Crvena Zvezda mts Belgrade,0
RED       ,,22,09:42,31,428,"ROCHESTIE, TAYLOR",P002972   ,Three Pointer (5/7 -  23 pt),3FGM,57.0,52.0,Crvena Zvezda mts Belgrade,0
RED       ,,7,09:31,31,429,"DAVIDOVAC, DEJAN",P007960   ,In,IN,,,Crvena Zvezda mts Belgrade,0
RED       ,,16,09:31,31,430,"JANKOVIC, STEFAN",P007961   ,Out,OUT,,,Crvena Zvezda mts Belgrade,0
KHI       ,,21,09:30,31,431,"ANDERSON, JAMES",P005938   ,Two Pointer (3/3 -  12 pt),2FGM,57.0,54.0,Khimki Moscow Region,0
RED       ,,22,09:07,31,432,"ROCHESTIE, TAYLOR",P002972   ,Missed Two Pointer (3/5 -  23 pt),2FGA,,,Crvena Zvezda mts Belgrade,0
KHI       ,,21,09:06,31,433,"ANDERSON, JAMES",P005938   ,Def Rebound (4),D,,,Khimki Moscow Region,0
KHI       ,,9,09:06,31,434,"MARKOVIC, STEFAN",PLME      ,Two Pointer (3/6 -  6 pt),2FGM,57.0,56.0,Khimki Moscow Region,0
RED       ,,6,09:02,31,435,"DANGUBIC, NEMANJA",P005942   ,Foul (3),CM,,,Crvena Zvezda mts Belgrade,0
KHI       ,,9,09:02,31,436,"MARKOVIC, STEFAN",PLME      ,Foul Drawn (3),RV,,,Khimki Moscow Region,0
KHI       ,,9,09:02,31,437,"MARKOVIC, STEFAN",PLME      ,Free Throw In (1/1 -  7 pt),FTM,57.0,57.0,Khimki Moscow Region,0
RED       ,,51,08:40,32,439,"BJELICA, MILKO",PCHX      ,Missed Three Pointer (0/2 -  2 pt),3FGA,,,Crvena Zvezda mts Belgrade,0
KHI       ,,,08:37,32,440,,          ,Def Rebound (5),D,,,Khimki Moscow Region,0
KHI       ,,21,08:23,32,441,"ANDERSON, JAMES",P005938   ,Two Pointer (4/4 -  14 pt),2FGM,57.0,59.0,Khimki Moscow Region,0
KHI       ,,23,08:20,32,442,"THOMAS, MALCOLM",P004251   ,Unsportsmanlike Foul  (2),CMU,,,Khimki Moscow Region,0
RED       ,,32,08:20,32,443,"JOVANOVIC, NIKOLA",P003264   ,Foul Drawn (2),RV,,,Crvena Zvezda mts Belgrade,0
KHI       ,,21,08:20,32,444,"ANDERSON, JAMES",P005938   ,Out,OUT,,,Khimki Moscow Region,0
KHI       ,,22,08:20,32,445,"JENKINS, CHARLES",P005014   ,In,IN,,,Khimki Moscow Region,0
RED       ,,32,08:20,32,446,"JOVANOVIC, NIKOLA",P003264   ,Missed Free Throw (0/1 -  0 pt),FTA,,,Crvena Zvezda mts Belgrade,0
RED       ,,32,08:20,32,447,"JOVANOVIC, NIKOLA",P003264   ,Missed Free Throw (0/2 -  0 pt),FTA,,,Crvena Zvezda mts Belgrade,0
RED       ,,6,08:20,32,448,"DANGUBIC, NEMANJA",P005942   ,Out,OUT,,,Crvena Zvezda mts Belgrade,0
RED       ,,10,08:20,32,449,"LAZIC, BRANKO",PLUO      ,In,IN,,,Crvena Zvezda mts Belgrade,0
RED       ,,26,08:20,32,450,"LESSORT, MATHIAS",P003842   ,In,IN,,,Crvena Zvezda mts Belgrade,0
RED       ,,32,08:20,32,451,"JOVANOVIC, NIKOLA",P003264   ,Out,OUT,,,Crvena Zvezda mts Belgrade,0
RED       ,,26,07:57,33,454,"LESSORT, MATHIAS",P003842   ,Turnover (3),TO,,,Crvena Zvezda mts Belgrade,0
KHI       ,,22,07:56,33,455,"JENKINS, CHARLES",P005014   ,Steal (1),ST,,,Khimki Moscow Region,0
KHI       ,,23,07:38,33,456,"THOMAS, MALCOLM",P004251   ,Two Pointer (5/6 -  11 pt),2FGM,57.0,61.0,Khimki Moscow Region,0
KHI       ,,9,07:38,33,457,"MARKOVIC, STEFAN",PLME      ,Assist (5),AS,,,Khimki Moscow Region,0
RED       ,,7,07:17,33,458,"DAVIDOVAC, DEJAN",P007960   ,Out,OUT,,,Crvena Zvezda mts Belgrade,0
RED       ,,14,07:17,33,459,"FELDEINE, JAMES",P005918   ,In,IN,,,Crvena Zvezda mts Belgrade,0
RED       ,,22,07:14,33,460,"ROCHESTIE, TAYLOR",P002972   ,Missed Three Pointer (5/8 -  23 pt),3FGA,,,Crvena Zvezda mts Belgrade,0
KHI       ,,23,07:13,33,461,"THOMAS, MALCOLM",P004251   ,Def Rebound (3),D,,,Khimki Moscow Region,0
KHI       ,,9,07:00,33,462,"MARKOVIC, STEFAN",PLME      ,Missed Two Pointer (3/7 -  7 pt),2FGA,,,Khimki Moscow Region,0
RED       ,,26,06:59,34,464,"LESSORT, MATHIAS",P003842   ,Def Rebound (4),D,,,Crvena Zvezda mts Belgrade,0
RED       ,,10,06:40,34,465,"LAZIC, BRANKO",PLUO      ,Missed Three Pointer (0/3 -  0 pt),3FGA,,,Crvena Zvezda mts Belgrade,0
RED       ,,26,06:39,34,466,"LESSORT, MATHIAS",P003842   ,Off Rebound (5),O,,,Crvena Zvezda mts Belgrade,0
RED       ,,26,06:39,34,467,"LESSORT, MATHIAS",P003842   ,Missed Two Pointer (0/2 -  4 pt),2FGA,,,Crvena Zvezda mts Belgrade,0
KHI       ,,2,06:38,34,468,"HONEYCUTT, TYLER",P005800   ,Def Rebound (2),D,,,Khimki Moscow Region,0
KHI       ,,2,06:24,34,469,"HONEYCUTT, TYLER",P005800   ,Missed Two Pointer (0/2 -  0 pt),2FGA,,,Khimki Moscow Region,0
RED       ,,10,06:23,34,470,"LAZIC, BRANKO",PLUO      ,Def Rebound (1),D,,,Crvena Zvezda mts Belgrade,0
KHI       ,,22,06:11,34,471,"JENKINS, CHARLES",P005014   ,Foul (4),CM,,,Khimki Moscow Region,0
RED       ,,10,06:11,34,472,"LAZIC, BRANKO",PLUO      ,Foul Drawn (2),RV,,,Crvena Zvezda mts Belgrade,0
RED       ,,14,06:01,34,473,"FELDEINE, JAMES",P005918   ,Three Pointer (1/3 -  11 pt),3FGM,60.0,61.0,Crvena Zvezda mts Belgrade,0
KHI       ,,22,05:38,35,475,"JENKINS, CHARLES",P005014   ,Missed Three Pointer (1/3 -  5 pt),3FGA,,,Khimki Moscow Region,0
KHI       ,,,05:34,35,476,,          ,Off Rebound (3),O,,,Khimki Moscow Region,0
KHI       ,,19,05:34,35,477,"TODOROVIC, MARKO",P001612   ,In,IN,,,Khimki Moscow Region,0
KHI       ,,23,05:34,35,478,"THOMAS, MALCOLM",P004251   ,Out,OUT,,,Khimki Moscow Region,0
KHI       ,,12,05:25,35,479,"MONIA, SERGEY",PBFX      ,Three Pointer (1/2 -  3 pt),3FGM,60.0,64.0,Khimki Moscow Region,0
KHI       ,,22,05:25,35,480,"JENKINS, CHARLES",P005014   ,Assist (1),AS,,,Khimki Moscow Region,0
RED       ,,,05:22,35,481,,          ,Time Out (1),TOUT,,,Crvena Zvezda mts Belgrade,0
KHI       ,,1,05:22,35,482,"SHVED, ALEXEY",PKVZ      ,In,IN,,,Khimki Moscow Region,0
KHI       ,,22,05:22,35,483,"JENKINS, CHARLES",P005014   ,Out,OUT,,,Khimki Moscow Region,0
RED       ,,22,05:11,35,484,"ROCHESTIE, TAYLOR",P002972   ,Two Pointer (4/6 -  25 pt),2FGM,62.0,64.0,Crvena Zvezda mts Belgrade,0
KHI       ,,1,04:46,36,486,"SHVED, ALEXEY",PKVZ      ,Three Pointer (3/9 -  21 pt),3FGM,62.0,67.0,Khimki Moscow Region,0
RED       ,,26,04:25,36,487,"LESSORT, MATHIAS",P003842   ,Missed Two Pointer (0/3 -  4 pt),2FGA,,,Crvena Zvezda mts Belgrade,0
KHI       ,,12,04:24,36,488,"MONIA, SERGEY",PBFX      ,Def Rebound (1),D,,,Khimki Moscow Region,0
KHI       ,,1,04:11,36,489,"SHVED, ALEXEY",PKVZ      ,Turnover (3),TO,,,Khimki Moscow Region,0
RED       ,,14,04:11,36,490,"FELDEINE, JAMES",P005918   ,Steal (1),ST,,,Crvena Zvezda mts Belgrade,0
RED       ,,14,04:11,36,495,"FELDEINE, JAMES",P005918   ,Turnover (1),TO,,,Crvena Zvezda mts Belgrade,0
RED       ,,12,04:11,36,491,"ANTIC, PERO",PBAE      ,In,IN,,,Crvena Zvezda mts Belgrade,0
RED       ,,26,04:11,36,492,"LESSORT, MATHIAS",P003842   ,Out,OUT,,,Crvena Zvezda mts Belgrade,0
KHI       ,,2,04:08,36,493,"HONEYCUTT, TYLER",P005800   ,Two Pointer (1/3 -  2 pt),2FGM,62.0,69.0,Khimki Moscow Region,0
KHI       ,,9,04:08,36,494,"MARKOVIC, STEFAN",PLME      ,Assist (6),AS,,,Khimki Moscow Region,0
RED       ,,10,03:42,37,497,"LAZIC, BRANKO",PLUO      ,Missed Three Pointer (0/4 -  0 pt),3FGA,,,Crvena Zvezda mts Belgrade,0
KHI       ,,,03:41,37,498,,          ,Def Rebound (6),D,,,Khimki Moscow Region,0
RED       ,,12,03:25,37,499,"ANTIC, PERO",PBAE      ,Foul (1),CM,,,Crvena Zvezda mts Belgrade,0
KHI       ,,1,03:25,37,500,"SHVED, ALEXEY",PKVZ      ,Foul Drawn (6),RV,,,Khimki Moscow Region,0
KHI       ,,2,03:22,37,501,"HONEYCUTT, TYLER",P005800   ,Two Pointer (2/4 -  4 pt),2FGM,62.0,71.0,Khimki Moscow Region,0
KHI       ,,12,03:22,37,502,"MONIA, SERGEY",PBFX      ,Assist (2),AS,,,Khimki Moscow Region,0
RED       ,,12,03:04,37,503,"ANTIC, PERO",PBAE      ,Two Pointer (1/1 -  2 pt),2FGM,64.0,71.0,Crvena Zvezda mts Belgrade,0
RED       ,,14,03:04,37,504,"FELDEINE, JAMES",P005918   ,Assist (3),AS,,,Crvena Zvezda mts Belgrade,0
KHI       ,,19,02:41,38,506,"TODOROVIC, MARKO",P001612   ,Turnover (1),TO,,,Khimki Moscow Region,0
RED       ,,6,02:40,38,507,"DANGUBIC, NEMANJA",P005942   ,In,IN,,,Crvena Zvezda mts Belgrade,0
RED       ,,51,02:40,38,508,"BJELICA, MILKO",PCHX      ,Out,OUT,,,Crvena Zvezda mts Belgrade,0
KHI       ,,,02:40,38,509,,          ,Time Out (1),TOUT,,,Khimki Moscow Region,0
KHI       ,,19,02:40,38,510,"TODOROVIC, MARKO",P001612   ,Out,OUT,,,Khimki Moscow Region,0
KHI       ,,23,02:40,38,511,"THOMAS, MALCOLM",P004251   ,In,IN,,,Khimki Moscow Region,0
RED       ,,14,02:29,38,512,"FELDEINE, JAMES",P005918   ,Two Pointer (5/10 -  13 pt),2FGM,66.0,71.0,Crvena Zvezda mts Belgrade,0
KHI       ,,12,02:06,38,513,"MONIA, SERGEY",PBFX      ,Missed Three Pointer (1/3 -  3 pt),3FGA,,,Khimki Moscow Region,0
KHI       ,,23,02:04,38,514,"THOMAS, MALCOLM",P004251   ,Off Rebound (2),O,,,Khimki Moscow Region,0
KHI       ,,,02:00,38,515,,          ,Turnover (2),TO,,,Khimki Moscow Region,0
RED       ,,10,01:38,39,517,"LAZIC, BRANKO",PLUO      ,Missed Two Pointer (0/2 -  0 pt),2FGA,,,Crvena Zvezda mts Belgrade,0
KHI       ,,2,01:36,39,518,"HONEYCUTT, TYLER",P005800   ,Def Rebound (3),D,,,Khimki Moscow Region,0
RED       ,,10,01:31,39,519,"LAZIC, BRANKO",PLUO      ,Unsportsmanlike Foul  (4),CMU,,,Crvena Zvezda mts Belgrade,0
KHI       ,,1,01:31,39,520,"SHVED, ALEXEY",PKVZ      ,Foul Drawn (7),RV,,,Khimki Moscow Region,0
KHI       ,,1,01:31,39,521,"SHVED, ALEXEY",PKVZ      ,Free Throw In (9/10 -  22 pt),FTM,66.0,72.0,Khimki Moscow Region,0
KHI       ,,1,01:31,39,522,"SHVED, ALEXEY",PKVZ      ,Free Throw In (10/11 -  23 pt),FTM,66.0,73.0,Khimki Moscow Region,0
KHI       ,,1,01:17,39,523,"SHVED, ALEXEY",PKVZ      ,Three Pointer (4/10 -  26 pt),3FGM,66.0,76.0,Khimki Moscow Region,0
RED       ,,,01:13,39,524,,          ,Time Out (2),TOUT,,,Crvena Zvezda mts Belgrade,0
RED       ,,6,01:08,39,528,"DANGUBIC, NEMANJA",P005942   ,Two Pointer (2/4 -  20 pt),2FGM,68.0,76.0,Crvena Zvezda mts Belgrade,0
RED       ,,14,01:08,39,529,"FELDEINE, JAMES",P005918   ,Assist (4),AS,,,Crvena Zvezda mts Belgrade,0
KHI       ,,1,00:49,40,531,"SHVED, ALEXEY",PKVZ      ,Three Pointer (5/11 -  29 pt),3FGM,68.0,79.0,Khimki Moscow Region,0
KHI       ,,12,00:40,40,532,"MONIA, SERGEY",PBFX      ,Block (2),FV,,,Khimki Moscow Region,0
RED       ,,14,00:40,40,533,"FELDEINE, JAMES",P005918   ,Missed Two Pointer (5/11 -  13 pt),2FGA,,,Crvena Zvezda mts Belgrade,0
RED       ,,14,00:40,40,534,"FELDEINE, JAMES",P005918   ,Shot Rejected (1),AG,,,Crvena Zvezda mts Belgrade,0
KHI       ,,12,00:33,40,535,"MONIA, SERGEY",PBFX      ,Def Rebound (2),D,,,Khimki Moscow Region,0
KHI       ,,2,00:33,40,537,"HONEYCUTT, TYLER",P005800   ,Missed Two Pointer (2/5 -  4 pt),2FGA,,,Khimki Moscow Region,0
RED       ,,6,00:33,40,538,"DANGUBIC, NEMANJA",P005942   ,Def Rebound (2),D,,,Crvena Zvezda mts Belgrade,0
KHI       ,,1,00:28,40,539,"SHVED, ALEXEY",PKVZ      ,Foul (3),CM,,,Khimki Moscow Region,0
RED       ,,10,00:28,40,540,"LAZIC, BRANKO",PLUO      ,Foul Drawn (3),RV,,,Crvena Zvezda mts Belgrade,0
RED       ,,22,00:23,40,541,"ROCHESTIE, TAYLOR",P002972   ,Two Pointer (5/7 -  27 pt),2FGM,70.0,79.0,Crvena Zvezda mts Belgrade,0
KHI       ,,9,00:21,40,542,"MARKOVIC, STEFAN",PLME      ,Out,OUT,,,Khimki Moscow Region,0
KHI       ,,22,00:21,40,543,"JENKINS, CHARLES",P005014   ,In,IN,,,Khimki Moscow Region,0
          ,,,,41,546,,          ,End Game,EG,,,,0
