player1,player2,player3,player4,player5,2FGA,2FGM,3FGA,3FGM,AG,AS,CM,CMU,D,FTA,FTM,FV,O,OF,RV,ST,TEAM,TO,seconds
"ABALDE, ALBERTO","DOORNEKAMP, AARON","GREEN, ERICK","PLEISS, TIBOR","THOMAS, WILL",9,6,2,3,1,9,4,0,8,3,6,2,3,0,6,3,PAM,3,448.0
"ABALDE, ALBERTO","DUBLJEVIC, BOJAN","MARTINEZ, RAFA","SAN EMETERIO, FERNANDO","THOMAS, WILL",8,6,4,10,3,13,6,0,11,1,3,0,2,1,7,3,PAM,4,516.0
"ABALDE, ALBERTO","DUBLJEVIC, BOJAN","MARTINEZ, RAFA","SASTRE, JOAN","THOMAS, WILL",7,8,8,5,2,8,5,0,9,0,6,1,5,0,11,2,PAM,1,530.0
"ABALDE, ALBERTO","GREEN, ERICK","PLEISS, TIBOR","SAN EMETERIO, FERNANDO","THOMAS, WILL",6,5,3,3,0,4,1,0,5,0,2,0,3,0,6,1,PAM,4,343.0
"ABALDE, ALBERTO","GREEN, ERICK","PLEISS, TIBOR","THOMAS, WILL","VAN ROSSOM, SAM",4,5,5,3,1,3,2,0,8,1,4,2,3,0,5,1,PAM,2,330.0
"ABALDE, ALBERTO","GREEN, ERICK","PLEISS, TIBOR","THOMAS, WILL","VIVES, GUILLEM",3,2,6,4,0,5,6,1,4,2,3,0,3,1,4,3,PAM,6,341.0
"ABALDE, ALBERTO","MARTINEZ, RAFA","PLEISS, TIBOR","SASTRE, JOAN","THOMAS, WILL",5,6,4,10,1,11,10,0,14,0,5,2,2,1,11,1,PAM,7,485.0
"ABALDE, ALBERTO","MARTINEZ, RAFA","PLEISS, TIBOR","THOMAS, WILL","VAN ROSSOM, SAM",4,7,4,7,0,12,5,0,8,0,5,1,5,0,3,2,PAM,4,454.0
"ABASS, AWUDU","BERTANS, DAIRIS","GUDAITIS, ARTURAS","JERRELLS, CURTIS","M'BAYE, AMATH",5,4,3,2,1,3,3,0,8,3,3,1,4,0,5,1,MIL,3,307.0
"ADAMS, JOSH","BALBAY, DOGUS","DUNSTON, BRYANT","SIMON, KRUNOSLAV","STIMAC, VLADIMIR",5,4,1,4,0,3,2,0,8,1,1,2,1,0,6,0,IST,2,377.0
"ADAMS, JOSH","BROWN, DERRICK","DRAGIC, ZORAN","DUNSTON, BRYANT","SIMON, KRUNOSLAV",7,4,2,1,0,0,3,0,7,0,4,3,2,0,3,0,IST,5,328.0
"ADAMS, JOSH","DRAGIC, ZORAN","DUNSTON, BRYANT","SIMON, KRUNOSLAV","STIMAC, VLADIMIR",10,8,5,4,4,6,3,1,10,4,6,0,6,1,11,1,IST,3,412.0
"ADAMS, JOSH","DUNSTON, BRYANT","LEDO, RICKY","SIMON, KRUNOSLAV","STIMAC, VLADIMIR",23,25,19,8,5,13,11,1,23,5,9,3,15,0,18,5,IST,12,1276.0
"ADAMS, JOSH","DUNSTON, BRYANT","MOTUM, BROCK","MURIC, EDO","SIMON, KRUNOSLAV",2,5,7,4,0,7,7,0,7,0,2,1,1,0,3,3,IST,4,371.0
"AGRAVANIS, DIMITRIOS","MANTZARIS, VANGELIS","MCLEAN, JAMEL","PAPANIKOLAOU, KOSTAS","THOMPSON, HOLLIS",2,5,4,2,0,3,7,0,6,2,6,1,1,1,8,2,OLY,4,331.0
"AGRAVANIS, DIMITRIOS","MANTZARIS, VANGELIS","MCLEAN, JAMEL","PAPAPETROU, IOANNIS","STRELNIEKS, JANIS",8,2,4,3,1,4,6,0,7,2,3,0,2,1,9,1,OLY,5,394.0
"AGRAVANIS, DIMITRIOS","MANTZARIS, VANGELIS","MCLEAN, JAMEL","STRELNIEKS, JANIS","THOMPSON, HOLLIS",5,6,5,3,0,4,10,0,8,2,4,0,6,2,6,0,OLY,3,360.0
"ANDERSON, JAMES","ANDERSON, JAMES","JENKINS, CHARLES","SHVED, ALEXEY","TODOROVIC, MARKO",7,10,13,3,1,7,10,,12,0,1,3,6,0,4,6,KHI,9,582.0
"ANDERSON, JAMES","GILL, ANTHONY","HONEYCUTT, TYLER","SHVED, ALEXEY","THOMAS, MALCOLM",4,9,4,3,0,6,10,0,12,4,1,1,0,0,8,1,KHI,6,359.0
"ANDERSON, JAMES","GILL, ANTHONY","JENKINS, CHARLES","MARKOVIC, STEFAN","ROBINSON, THOMAS",6,8,4,2,2,5,8,0,6,2,4,1,2,0,4,3,KHI,3,359.0
"ANDERSON, JAMES","GILL, ANTHONY","JENKINS, CHARLES","ROBINSON, THOMAS","SHVED, ALEXEY",12,6,7,4,4,8,9,0,9,2,8,1,9,1,5,3,KHI,3,397.0
"ANDERSON, JAMES","GILL, ANTHONY","JENKINS, CHARLES","SHVED, ALEXEY","THOMAS, MALCOLM",59,73,95,47,13,68,87,0,94,11,38,10,44,3,63,32,KHI,49,4947.0
"ANDERSON, JAMES","GILL, ANTHONY","MARKOVIC, STEFAN","ROBINSON, THOMAS","SHVED, ALEXEY",27,14,15,13,5,18,19,1,30,4,21,5,11,3,25,6,KHI,12,1446.0
"ANDERSON, JAMES","GILL, ANTHONY","MARKOVIC, STEFAN","SHVED, ALEXEY","THOMAS, MALCOLM",38,48,38,19,4,41,30,0,40,4,18,2,29,4,39,14,KHI,24,2569.0
"ANDERSON, JAMES","GILL, ANTHONY","MARKOVIC, STEFAN","SHVED, ALEXEY","TODOROVIC, MARKO",3,13,8,6,1,12,11,0,11,1,8,1,4,0,12,3,KHI,3,644.0
"ANDERSON, JAMES","JENKINS, CHARLES","MARKOVIC, STEFAN","ROBINSON, THOMAS","ZUBKOV, ANDREY",10,8,4,0,1,3,3,0,8,3,2,1,8,0,5,2,KHI,3,391.0
"ANDERSON, JAMES","JENKINS, CHARLES","MONIA, SERGEY","SHVED, ALEXEY","THOMAS, MALCOLM",15,9,13,6,3,11,15,0,20,0,8,2,6,1,11,2,KHI,7,787.0
"ANDERSON, JAMES","JENKINS, CHARLES","MONIA, SERGEY","SHVED, ALEXEY","TODOROVIC, MARKO",4,9,3,5,0,5,10,0,8,1,2,1,1,0,9,1,KHI,2,387.0
"ANDERSON, JAMES","MARKOVIC, STEFAN","MONIA, SERGEY","SHVED, ALEXEY","THOMAS, MALCOLM",4,9,12,5,0,10,10,0,16,0,12,1,3,0,14,3,KHI,4,606.0
"ANTETOKOUNMPO, ATHANASIOS","CALATHES, NICK","GIST, JAMES","PAPPAS, NIKOS","SINGLETON, CHRIS",6,11,5,3,0,6,6,0,5,2,5,1,3,2,9,5,PAN,4,467.0
"ANTETOKOUNMPO, THANASIS","CALATHES, NICK","DENMON, MARCUS","GIST, JAMES","SINGLETON, CHRIS",15,11,10,11,2,15,22,0,14,2,4,2,11,1,12,4,PAN,11,897.0
"ANTETOKOUNMPO, THANASIS","CALATHES, NICK","GIST, JAMES","JAMES, MIKE","SINGLETON, CHRIS",11,34,14,8,0,24,23,0,27,8,13,3,8,2,26,11,PAN,12,1233.0
"ANTETOKOUNMPO, THANASIS","CALATHES, NICK","GIST, JAMES","LOJESKI, MATT","SINGLETON, CHRIS",36,47,22,14,6,41,40,2,42,11,24,2,17,4,36,18,PAN,18,2262.0
"ANTETOKOUNMPO, THANASIS","CALATHES, NICK","GIST, JAMES","PAPPAS, NIKOS","SINGLETON, CHRIS",4,8,11,2,0,7,9,0,10,1,6,0,4,1,8,1,PAN,7,434.0
"ANTETOKOUNMPO, THANASIS","CALATHES, NICK","GIST, JAMES","RIVERS, KC","SINGLETON, CHRIS",10,10,8,6,0,16,11,0,16,1,8,3,3,1,7,3,PAN,3,676.0
"ANTETOKOUNMPO, THANASIS","CALATHES, NICK","PAPPAS, NIKOS","RIVERS, KC","SINGLETON, CHRIS",5,6,4,4,2,10,7,0,12,2,10,2,3,1,10,1,PAN,3,409.0
"ANTETOKOUNMPO, THANASIS","GIST, JAMES","LEKAVICIUS, LUKAS","LOJESKI, MATT","SINGLETON, CHRIS",10,10,4,6,1,9,8,0,15,2,5,5,6,0,14,2,PAN,10,715.0
"ANTIC, PERO","BJELICA, MILKO","DANGUBIC, NEMANJA","FELDEINE, JAMES","ROCHESTIE, TAYLOR",9,15,12,5,1,10,12,0,15,3,19,0,7,0,19,6,RED,5,849.0
"ANTIC, PERO","BJELICA, MILKO","DOBRIC, OGNJEN","FELDEINE, JAMES","ROCHESTIE, TAYLOR",6,4,10,5,2,6,7,0,9,1,6,2,3,0,8,1,RED,2,384.0
"ANTIC, PERO","BJELICA, MILKO","DOBRIC, OGNJEN","LAZIC, BRANKO","ROCHESTIE, TAYLOR",2,1,8,4,0,4,9,0,2,0,0,0,4,0,0,0,RED,3,318.0
"ANTIC, PERO","BJELICA, MILKO","FELDEINE, JAMES","LAZIC, BRANKO","ROCHESTIE, TAYLOR",25,27,32,12,5,20,20,3,28,6,15,2,22,2,36,9,RED,11,1531.0
"ANTONOV, SEMEN","CLYBURN, WILL","DE COLO, NANDO","HIGGINS, CORY","HUNTER, OTHELLO",7,5,2,5,1,5,4,0,9,2,8,1,5,0,12,3,CSK,5,384.0
"ANTONOV, SEMEN","CLYBURN, WILL","DE COLO, NANDO","HIGGINS, CORY","RODRIGUEZ, SERGIO",7,9,4,5,0,5,7,0,9,2,2,1,4,0,8,2,CSK,1,467.0
"ANTONOV, SEMEN","CLYBURN, WILL","DE COLO, NANDO","HINES, KYLE","KURBANOV, NIKITA",11,16,10,12,1,15,11,1,17,0,12,2,9,3,18,4,CSK,7,827.0
"ANTONOV, SEMEN","CLYBURN, WILL","DE COLO, NANDO","HINES, KYLE","RODRIGUEZ, SERGIO",4,13,6,6,1,10,7,0,14,1,4,0,1,0,8,1,CSK,5,485.0
"ANTONOV, SEMEN","CLYBURN, WILL","DE COLO, NANDO","HUNTER, OTHELLO","KURBANOV, NIKITA",8,10,3,1,2,6,6,0,7,0,4,1,6,0,7,2,CSK,4,352.0
"ANTONOV, SEMEN","CLYBURN, WILL","DE COLO, NANDO","HUNTER, OTHELLO","RODRIGUEZ, SERGIO",4,4,2,2,1,4,6,0,7,0,2,1,1,0,3,1,CSK,4,329.0
"ANTONOV, SEMEN","CLYBURN, WILL","HIGGINS, CORY","HINES, KYLE","RODRIGUEZ, SERGIO",5,7,3,4,0,5,3,1,6,1,7,1,2,0,9,3,CSK,3,340.0
"ANTONOV, SEMEN","CLYBURN, WILL","HIGGINS, CORY","HUNTER, OTHELLO","RODRIGUEZ, SERGIO",18,9,6,2,1,9,11,0,9,0,6,3,10,2,12,4,CSK,7,732.0
"ANTONOV, SEMEN","CLYBURN, WILL","HINES, KYLE","KURBANOV, NIKITA","RODRIGUEZ, SERGIO",7,7,7,8,0,5,6,0,15,2,8,0,5,0,5,2,CSK,3,483.0
"ANTONOV, SEMEN","DE COLO, NANDO","HIGGINS, CORY","HINES, KYLE","KURBANOV, NIKITA",10,6,8,4,4,3,6,1,2,1,6,1,6,0,8,4,CSK,4,356.0
"ANTONOV, SEMEN","DE COLO, NANDO","HIGGINS, CORY","HINES, KYLE","RODRIGUEZ, SERGIO",3,6,1,2,0,8,4,0,9,3,6,0,2,0,6,2,CSK,1,305.0
"ANTONOV, SEMEN","DE COLO, NANDO","HINES, KYLE","KURBANOV, NIKITA","RODRIGUEZ, SERGIO",6,4,1,6,3,7,6,0,8,0,2,1,0,1,2,1,CSK,4,330.0
"ANTONOV, SEMEN","DE COLO, NANDO","HUNTER, OTHELLO","KURBANOV, NIKITA","RODRIGUEZ, SERGIO",9,5,3,4,2,6,4,0,10,2,4,2,5,0,5,5,CSK,2,349.0
"ANTONOV, SEMEN","HIGGINS, CORY","HINES, KYLE","KURBANOV, NIKITA","RODRIGUEZ, SERGIO",17,24,15,11,3,23,19,1,22,2,10,4,11,1,18,8,CSK,12,1218.0
"ANTONOV, SEMEN","HIGGINS, CORY","HUNTER, OTHELLO","KURBANOV, NIKITA","RODRIGUEZ, SERGIO",11,16,10,6,1,10,14,0,13,2,9,1,12,0,17,6,CSK,7,850.0
"AUGUSTINE, JAMES","BROOKS, JEFF","DIAZ, ALBERTO","DIEZ, DANIEL","NEDOVIC, NEMANJA",13,8,10,3,0,8,11,0,8,0,4,0,7,2,6,2,MAL,2,593.0
"AUGUSTINE, JAMES","BROOKS, JEFF","DIAZ, ALBERTO","MILOSAVLJEVIC, DRAGAN","NEDOVIC, NEMANJA",12,25,13,11,0,16,12,0,27,4,9,3,8,0,21,5,MAL,10,1033.0
"AUGUSTINE, JAMES","BROOKS, JEFF","DIAZ, ALBERTO","MILOSAVLJEVIC, DRAGAN","SALIN, SASU",11,11,10,3,1,8,9,0,15,1,6,2,9,1,17,3,MAL,6,608.0
"AUGUSTINE, JAMES","BROOKS, JEFF","DIAZ, ALBERTO","NEDOVIC, NEMANJA","WACZYNSKI, ADAM",11,17,10,10,2,21,12,0,10,1,13,2,10,0,8,7,MAL,5,628.0
"AUGUSTINE, JAMES","BROOKS, JEFF","DIAZ, ALBERTO","SALIN, SASU","WACZYNSKI, ADAM",5,8,6,4,1,5,4,1,5,0,4,0,3,3,8,8,MAL,7,502.0
"AUGUSTINE, JAMES","BROOKS, JEFF","DIEZ, DANIEL","MCCALLUM, RAY","NEDOVIC, NEMANJA",31,26,14,14,4,24,11,1,27,2,2,1,22,0,11,4,MAL,6,1221.0
"AUGUSTINE, JAMES","BROOKS, JEFF","MCCALLUM, RAY","MILOSAVLJEVIC, DRAGAN","NEDOVIC, NEMANJA",26,36,22,9,0,26,18,0,30,5,10,6,20,3,25,7,MAL,17,1551.0
"AUGUSTINE, JAMES","BROOKS, JEFF","MCCALLUM, RAY","MILOSAVLJEVIC, DRAGAN","WACZYNSKI, ADAM",12,5,3,1,1,1,5,0,3,3,2,0,8,0,3,3,MAL,4,455.0
"AUGUSTINE, JAMES","BROOKS, JEFF","MCCALLUM, RAY","NEDOVIC, NEMANJA","WACZYNSKI, ADAM",21,25,14,12,7,20,19,0,22,5,10,1,16,0,17,10,MAL,14,1306.0
"AUGUSTINE, JAMES","DIAZ, ALBERTO","MILOSAVLJEVIC, DRAGAN","NEDOVIC, NEMANJA","SUAREZ, CARLOS",14,12,6,5,0,15,11,1,10,4,8,1,3,0,12,4,MAL,6,797.0
"AUGUSTINE, JAMES","DIAZ, ALBERTO","NEDOVIC, NEMANJA","SUAREZ, CARLOS","WACZYNSKI, ADAM",13,14,19,9,0,18,20,0,19,5,19,0,13,0,20,4,MAL,8,1072.0
"AUGUSTINE, JAMES","DIEZ, DANIEL","MCCALLUM, RAY","NEDOVIC, NEMANJA","SUAREZ, CARLOS",4,15,5,4,1,10,11,0,10,2,11,0,6,1,13,1,MAL,3,441.0
"AUGUSTINE, JAMES","DIEZ, DANIEL","MCCALLUM, RAY","SALIN, SASU","SUAREZ, CARLOS",6,11,1,0,1,8,6,0,4,1,0,0,4,0,7,2,MAL,2,320.0
"AUGUSTINE, JAMES","MCCALLUM, RAY","MILOSAVLJEVIC, DRAGAN","NEDOVIC, NEMANJA","SUAREZ, CARLOS",12,11,10,5,3,9,6,0,16,2,8,1,8,2,8,5,MAL,9,618.0
"AUGUSTINE, JAMES","MCCALLUM, RAY","MILOSAVLJEVIC, DRAGAN","SALIN, SASU","SUAREZ, CARLOS",23,28,16,17,5,29,18,1,34,3,16,4,18,1,20,11,MAL,10,1422.0
"AUGUSTINE, JAMES","MCCALLUM, RAY","NEDOVIC, NEMANJA","SUAREZ, CARLOS","WACZYNSKI, ADAM",15,18,9,11,2,19,13,0,25,5,13,2,7,0,14,1,MAL,4,871.0
"AUGUSTINE, JAMES","MCCALLUM, RAY","SALIN, SASU","SUAREZ, CARLOS","WACZYNSKI, ADAM",6,9,6,2,1,3,5,1,6,1,5,0,5,0,10,4,MAL,2,365.0
"AYON, GUSTAVO","CAMPAZZO, FACUNDO","CAUSEUR, FABIEN","DONCIC, LUKA","MACIULIS, JONAS",4,1,6,4,1,4,6,0,6,1,9,0,1,0,6,2,MAD,0,317.0
"AYON, GUSTAVO","CAMPAZZO, FACUNDO","CAUSEUR, FABIEN","DONCIC, LUKA","REYES, FELIPE",12,14,5,4,1,10,8,0,17,1,7,1,4,3,9,5,MAD,8,678.0
"AYON, GUSTAVO","CAMPAZZO, FACUNDO","CAUSEUR, FABIEN","FERNANDEZ, RUDY","RANDOLPH, ANTHONY",3,6,5,2,0,7,1,0,5,1,1,0,2,0,5,1,MAD,1,305.0
"AYON, GUSTAVO","CAMPAZZO, FACUNDO","CAUSEUR, FABIEN","FERNANDEZ, RUDY","THOMPKINS, TREY",9,10,5,4,1,10,5,0,13,1,3,2,4,0,5,2,MAD,2,477.0
"AYON, GUSTAVO","CAMPAZZO, FACUNDO","CAUSEUR, FABIEN","RANDOLPH, ANTHONY","TAYLOR, JEFFERY",3,4,2,6,0,7,4,0,4,0,1,1,3,0,6,1,MAD,3,305.0
"AYON, GUSTAVO","CAMPAZZO, FACUNDO","CAUSEUR, FABIEN","REYES, FELIPE","TAYLOR, JEFFERY",4,9,7,1,0,5,9,0,9,1,2,1,4,0,7,1,MAD,2,397.0
"AYON, GUSTAVO","CARROLL, JAYCEE","DONCIC, LUKA","FERNANDEZ, RUDY","THOMPKINS, TREY",4,5,5,4,1,9,8,1,8,1,16,0,2,0,10,2,MAD,7,436.0
"AYON, GUSTAVO","CARROLL, JAYCEE","DONCIC, LUKA","REYES, FELIPE","TAYLOR, JEFFERY",5,4,4,5,0,8,3,1,9,4,10,1,5,0,11,2,MAD,3,316.0
"AYON, GUSTAVO","CAUSEUR, FABIEN","DONCIC, LUKA","RANDOLPH, ANTHONY","TAYLOR, JEFFERY",4,14,6,6,0,10,6,0,11,4,11,3,2,0,12,8,MAD,5,527.0
"AYON, GUSTAVO","CAUSEUR, FABIEN","DONCIC, LUKA","REYES, FELIPE","TAYLOR, JEFFERY",9,8,4,4,3,7,5,0,16,1,5,0,5,1,11,1,MAD,8,426.0
"AYON, GUSTAVO","CAUSEUR, FABIEN","DONCIC, LUKA","TAYLOR, JEFFERY","THOMPKINS, TREY",17,17,9,1,2,10,16,0,18,7,5,3,7,0,20,8,MAD,7,790.0
"BALBAY, DOGUS","DOELLMAN, JUSTIN","MCCOLLUM, ERRICK","MURIC, EDO","STIMAC, VLADIMIR",6,5,4,2,1,4,4,0,6,0,5,1,4,0,6,3,IST,0,312.0
"BALBAY, DOGUS","DUNSTON, BRYANT","MCCOLLUM, ERRICK","MOTUM, BROCK","WEEMS, SONNY",7,10,4,1,0,9,5,0,11,2,7,3,4,0,9,2,IST,6,492.0
"BALBAY, DOGUS","DUNSTON, BRYANT","MOTUM, BROCK","SIMON, KRUNOSLAV","WEEMS, SONNY",20,20,9,4,0,17,12,0,10,0,7,2,11,0,14,11,IST,7,820.0
"BATUK, BIRKAN","BROWN, DERRICK","DUNSTON, BRYANT","MCCOLLUM, ERRICK","WEEMS, SONNY",7,7,8,5,1,8,8,0,7,0,6,1,2,2,8,2,IST,6,514.0
"BEAUBOIS, RODRIGUE","DIOP, ILIMANE","GRANGER, JAYSON","SHENGELIA, TORNIKE","TIMMA, JANIS",6,16,4,3,2,10,12,0,10,0,7,0,3,3,7,1,BAS,9,613.0
"BEAUBOIS, RODRIGUE","GARINO, PATRICIO","GRANGER, JAYSON","POIRIER, VINCENT","VOIGTMANN, JOHANNES",8,7,3,5,0,7,3,0,12,0,7,2,3,1,7,2,BAS,5,364.0
"BEAUBOIS, RODRIGUE","GARINO, PATRICIO","GRANGER, JAYSON","SHENGELIA, TORNIKE","VOIGTMANN, JOHANNES",9,16,10,6,3,11,5,1,14,1,3,3,6,2,11,5,BAS,9,789.0
"BEAUBOIS, RODRIGUE","GARINO, PATRICIO","HUERTAS, MARCELINHO","POIRIER, VINCENT","VOIGTMANN, JOHANNES",4,7,4,2,0,3,6,0,5,0,8,0,1,0,7,2,BAS,0,335.0
"BEAUBOIS, RODRIGUE","GARINO, PATRICIO","HUERTAS, MARCELINHO","SHENGELIA, TORNIKE","VOIGTMANN, JOHANNES",2,11,4,5,0,8,5,0,9,4,10,0,2,0,11,1,BAS,5,611.0
"BEAUBOIS, RODRIGUE","GRANGER, JAYSON","JANNING, MATT","POIRIER, VINCENT","SHENGELIA, TORNIKE",11,19,10,7,1,15,12,0,19,2,6,4,7,0,15,4,BAS,6,638.0
"BEAUBOIS, RODRIGUE","GRANGER, JAYSON","JANNING, MATT","SHENGELIA, TORNIKE","VOIGTMANN, JOHANNES",6,7,8,6,0,11,7,0,11,2,5,0,6,1,10,2,BAS,5,665.0
"BEAUBOIS, RODRIGUE","GRANGER, JAYSON","MALMANIS, RINALDS","POIRIER, VINCENT","TIMMA, JANIS",6,8,6,2,0,9,9,0,8,2,2,0,5,0,8,1,BAS,4,360.0
"BEAUBOIS, RODRIGUE","GRANGER, JAYSON","POIRIER, VINCENT","SHENGELIA, TORNIKE","TIMMA, JANIS",7,11,12,5,0,12,9,0,18,1,9,0,8,1,12,3,BAS,8,660.0
"BEAUBOIS, RODRIGUE","GRANGER, JAYSON","POIRIER, VINCENT","TIMMA, JANIS","VOIGTMANN, JOHANNES",6,7,5,1,0,5,6,0,5,3,2,1,5,0,8,2,BAS,4,424.0
"BEAUBOIS, RODRIGUE","GRANGER, JAYSON","SHENGELIA, TORNIKE","TIMMA, JANIS","VOIGTMANN, JOHANNES",15,30,11,15,3,25,16,0,27,8,18,2,11,2,22,8,BAS,12,1351.0
"BEAUBOIS, RODRIGUE","HUERTAS, MARCELINHO","JANNING, MATT","POIRIER, VINCENT","SHENGELIA, TORNIKE",8,8,6,2,2,7,10,0,8,1,3,4,4,1,6,3,BAS,5,312.0
"BEAUBOIS, RODRIGUE","HUERTAS, MARCELINHO","JANNING, MATT","SHENGELIA, TORNIKE","VOIGTMANN, JOHANNES",10,12,7,4,1,10,12,1,10,3,15,2,4,0,15,4,BAS,11,838.0
"BEAUBOIS, RODRIGUE","HUERTAS, MARCELINHO","JONES, KEVIN","TIMMA, JANIS","VOIGTMANN, JOHANNES",9,5,4,8,2,11,7,0,10,1,1,0,1,0,2,2,BAS,3,443.0
"BEAUBOIS, RODRIGUE","HUERTAS, MARCELINHO","POIRIER, VINCENT","SHENGELIA, TORNIKE","TIMMA, JANIS",17,27,14,11,3,26,19,0,34,3,18,5,13,1,20,7,BAS,13,1304.0
"BEAUBOIS, RODRIGUE","HUERTAS, MARCELINHO","SHENGELIA, TORNIKE","TIMMA, JANIS","VOIGTMANN, JOHANNES",9,9,10,2,2,9,8,0,16,3,12,2,5,1,15,2,BAS,9,588.0
"BEAUBOIS, RODRIGUE","JANNING, MATT","POIRIER, VINCENT","SHENGELIA, TORNIKE","VILDOZA, LUCA",7,10,5,4,1,6,12,0,14,2,5,2,2,0,7,5,BAS,8,502.0
"BEAUBOIS, RODRIGUE","POIRIER, VINCENT","TIMMA, JANIS","VILDOZA, LUCA","VOIGTMANN, JOHANNES",3,4,3,4,0,3,4,0,4,2,0,0,3,0,2,1,BAS,4,330.0
"BERTANS, DAIRIS","CINCIARINI, ANDREA","GUDAITIS, ARTURAS","JERRELLS, CURTIS","M'BAYE, AMATH",6,7,11,2,0,6,12,0,13,3,10,0,5,1,8,4,MIL,6,576.0
"BERTANS, DAIRIS","CINCIARINI, ANDREA","KUZMINSKAS, MINDAUGAS","MICOV, VLADIMIR","TARCZEWSKI, KALEB",8,6,4,6,1,10,9,0,6,1,7,2,3,1,9,2,MIL,5,442.0
"BERTANS, DAIRIS","GOUDELOCK, ANDREW","GUDAITIS, ARTURAS","JERRELLS, CURTIS","M'BAYE, AMATH",3,7,9,3,0,6,7,0,12,1,3,1,4,1,2,0,MIL,3,411.0
"BERTANS, DAIRIS","GOUDELOCK, ANDREW","GUDAITIS, ARTURAS","KALNIETIS, MANTAS","M'BAYE, AMATH",2,5,3,2,1,3,8,0,2,4,4,1,2,0,5,1,MIL,1,326.0
"BERTANS, DAIRIS","GOUDELOCK, ANDREW","GUDAITIS, ARTURAS","MICOV, VLADIMIR","THEODORE, JORDAN",8,7,12,2,2,8,10,1,7,4,11,0,4,0,11,3,MIL,5,601.0
"BERTANS, DAIRIS","GOUDELOCK, ANDREW","M'BAYE, AMATH","TARCZEWSKI, KALEB","THEODORE, JORDAN",6,10,10,7,0,9,9,1,18,1,12,1,2,1,11,2,MIL,5,711.0
"BERTANS, DAIRIS","GOUDELOCK, ANDREW","MICOV, VLADIMIR","TARCZEWSKI, KALEB","THEODORE, JORDAN",7,7,8,2,1,4,4,0,8,4,12,1,5,1,14,3,MIL,3,400.0
"BERTANS, DAIRIS","GUDAITIS, ARTURAS","JERRELLS, CURTIS","M'BAYE, AMATH","MICOV, VLADIMIR",7,6,9,1,1,2,9,0,7,3,4,1,5,0,14,3,MIL,5,534.0
"BERTANS, DAIRIS","GUDAITIS, ARTURAS","JERRELLS, CURTIS","M'BAYE, AMATH","THEODORE, JORDAN",7,7,2,5,0,10,6,0,7,4,7,0,2,1,7,1,MIL,5,484.0
"BERTANS, DAIRIS","JERRELLS, CURTIS","KALNIETIS, MANTAS","M'BAYE, AMATH","TARCZEWSKI, KALEB",6,6,6,3,2,6,7,0,9,0,7,1,3,0,8,3,MIL,3,389.0
"BERTANS, DAIRIS","JERRELLS, CURTIS","M'BAYE, AMATH","TARCZEWSKI, KALEB","THEODORE, JORDAN",5,10,8,2,0,10,9,0,12,5,9,0,3,0,12,4,MIL,4,415.0
"BERTANS, DAIRIS","M'BAYE, AMATH","MICOV, VLADIMIR","TARCZEWSKI, KALEB","THEODORE, JORDAN",13,8,7,5,1,8,8,0,8,0,2,1,6,0,8,0,MIL,5,619.0
"BJELICA, MILKO","DANGUBIC, NEMANJA","DAVIDOVAC, DEJAN","LESSORT, MATHIAS","ROCHESTIE, TAYLOR",6,5,2,3,0,6,7,0,3,0,4,0,4,0,8,1,RED,3,355.0
"BJELICA, MILKO","DANGUBIC, NEMANJA","FELDEINE, JAMES","LESSORT, MATHIAS","ROCHESTIE, TAYLOR",36,27,12,10,3,22,32,1,29,9,19,5,10,2,31,12,RED,16,1556.0
"BJELICA, MILKO","DANGUBIC, NEMANJA","LAZIC, BRANKO","LESSORT, MATHIAS","ROCHESTIE, TAYLOR",16,16,13,10,3,20,15,0,21,3,9,2,12,0,16,3,RED,8,885.0
"BJELICA, MILKO","DAVIDOVAC, DEJAN","FELDEINE, JAMES","LESSORT, MATHIAS","ROCHESTIE, TAYLOR",6,11,6,3,0,7,7,0,9,2,4,2,5,0,9,3,RED,1,417.0
"BJELICA, MILKO","DAVIDOVAC, DEJAN","LAZIC, BRANKO","LESSORT, MATHIAS","ROCHESTIE, TAYLOR",13,17,12,5,3,15,24,1,15,1,9,3,5,0,17,7,RED,8,947.0
"BJELICA, MILKO","DOBRIC, OGNJEN","ENNIS, DYLAN","FELDEINE, JAMES","OMIC, ALEN",5,8,5,6,0,7,6,0,7,1,5,1,3,1,2,4,RED,3,336.0
"BJELICA, MILKO","DOBRIC, OGNJEN","FELDEINE, JAMES","LESSORT, MATHIAS","ROCHESTIE, TAYLOR",9,8,2,4,1,5,7,2,3,1,3,0,3,2,12,2,RED,6,573.0
"BJELICA, MILKO","DOBRIC, OGNJEN","FELDEINE, JAMES","OMIC, ALEN","ROCHESTIE, TAYLOR",3,5,5,1,0,2,3,0,3,1,1,0,3,0,6,1,RED,4,302.0
"BJELICA, MILKO","DOBRIC, OGNJEN","LAZIC, BRANKO","LESSORT, MATHIAS","ROCHESTIE, TAYLOR",11,8,10,4,0,8,8,1,7,4,2,2,9,1,7,2,RED,6,620.0
"BJELICA, MILKO","ENNIS, DYLAN","FELDEINE, JAMES","LAZIC, BRANKO","OMIC, ALEN",6,5,3,5,0,6,7,0,3,0,0,1,3,0,1,2,RED,3,383.0
"BJELICA, MILKO","FELDEINE, JAMES","LAZIC, BRANKO","LESSORT, MATHIAS","ROCHESTIE, TAYLOR",49,39,31,16,6,28,41,2,40,0,21,6,26,2,32,11,RED,25,2351.0
"BOGRIS, GEORGIOS","PAPANIKOLAOU, KOSTAS","ROBERTS, BRIAN","SPANOULIS, VASSILIS","WILTJER, KYLE",8,3,4,6,2,8,2,0,11,0,3,1,2,0,5,2,OLY,6,364.0
"BOLDEN, JONAH","COLE, NORRIS","DIBARTOLOMEO, JOHN","ROLL, MICHAEL","TYUS, ALEX",10,2,7,0,1,0,5,0,5,1,2,2,4,0,5,4,TEL,1,314.0
"BOLDEN, JONAH","COLE, NORRIS","JACKSON, PIERRE","KANE, DEANDRE","TYUS, ALEX",7,9,3,1,0,5,4,0,8,0,7,4,5,0,9,5,TEL,4,353.0
"BOLDEN, JONAH","COLE, NORRIS","JACKSON, PIERRE","PARAKHOUSKI, ARTSIOM","THOMAS, DESHAUN",7,7,5,3,0,7,8,0,11,4,8,3,4,0,9,4,TEL,6,411.0
"BOLDEN, JONAH","COLE, NORRIS","JACKSON, PIERRE","ROLL, MICHAEL","TYUS, ALEX",12,5,7,2,2,7,3,0,9,2,6,1,3,0,8,4,TEL,3,569.0
"BOLDEN, JONAH","COLE, NORRIS","KANE, DEANDRE","PARAKHOUSKI, ARTSIOM","ROLL, MICHAEL",10,12,7,8,1,13,9,0,12,0,6,4,4,0,7,5,TEL,12,698.0
"BOLDEN, JONAH","COLE, NORRIS","KANE, DEANDRE","THOMAS, DESHAUN","TYUS, ALEX",13,17,3,4,2,12,9,0,10,3,7,2,3,1,7,4,TEL,7,674.0
"BOLDEN, JONAH","COLE, NORRIS","ROLL, MICHAEL","THOMAS, DESHAUN","TYUS, ALEX",9,9,3,2,0,4,3,0,11,1,1,1,6,0,7,1,TEL,3,377.0
"BOLDEN, JONAH","DIBARTOLOMEO, JOHN","JACKSON, PIERRE","KANE, DEANDRE","TYUS, ALEX",5,8,2,3,1,6,3,0,4,5,11,0,3,0,11,3,TEL,8,440.0
"BOLDEN, JONAH","DIBARTOLOMEO, JOHN","JACKSON, PIERRE","PARAKHOUSKI, ARTSIOM","ROLL, MICHAEL",14,16,11,7,2,18,14,0,18,2,15,3,10,2,13,3,TEL,12,879.0
"BOLDEN, JONAH","DIBARTOLOMEO, JOHN","JACKSON, PIERRE","ROLL, MICHAEL","TYUS, ALEX",8,11,9,1,2,4,6,0,14,0,3,1,5,0,6,1,TEL,1,585.0
"BOLDEN, JONAH","JACKSON, PIERRE","KANE, DEANDRE","PARAKHOUSKI, ARTSIOM","ROLL, MICHAEL",54,78,30,12,4,53,35,1,71,6,24,13,35,6,37,10,TEL,34,3105.0
"BOLDEN, JONAH","JACKSON, PIERRE","KANE, DEANDRE","ROLL, MICHAEL","TYUS, ALEX",13,16,8,3,1,15,10,2,22,5,2,1,4,1,11,4,TEL,10,796.0
"BOLDEN, JONAH","JACKSON, PIERRE","PARAKHOUSKI, ARTSIOM","ROLL, MICHAEL","THOMAS, DESHAUN",10,9,3,3,0,7,5,1,5,3,10,2,6,0,11,6,TEL,1,322.0
"BOLDEN, JONAH","JACKSON, PIERRE","ROLL, MICHAEL","THOMAS, DESHAUN","TYUS, ALEX",12,5,3,5,1,6,10,0,11,1,3,5,4,0,12,3,TEL,3,454.0
"BROOKS, JEFF","DIAZ, ALBERTO","MILOSAVLJEVIC, DRAGAN","NEDOVIC, NEMANJA","SHERMADINI, GIORGI",3,4,6,1,1,3,2,0,4,1,1,1,3,1,5,2,MAL,5,301.0
"BROOKS, JEFF","DIAZ, ALBERTO","NEDOVIC, NEMANJA","OKOUO, VINY","WACZYNSKI, ADAM",7,5,7,3,0,3,4,0,3,0,0,2,5,1,4,3,MAL,2,341.0
"BROOKS, JEFF","DIAZ, ALBERTO","SALIN, SASU","SHERMADINI, GIORGI","WACZYNSKI, ADAM",9,7,6,2,1,3,7,0,9,0,3,0,6,1,6,0,MAL,7,432.0
"BROOKS, JEFF","MCCALLUM, RAY","MILOSAVLJEVIC, DRAGAN","SALIN, SASU","SHERMADINI, GIORGI",16,13,12,6,1,10,11,0,16,1,3,1,7,2,14,3,MAL,8,892.0
"BROOKS, JEFF","MCCALLUM, RAY","SALIN, SASU","SHERMADINI, GIORGI","WACZYNSKI, ADAM",10,11,7,8,1,12,3,1,16,0,5,1,6,0,10,4,MAL,5,689.0
"BROWN, BOBBY","MCLEAN, JAMEL","PAPAPETROU, IOANNIS","STRELNIEKS, JANIS","TILLIE, KIM",4,2,5,2,0,1,6,0,6,1,1,1,4,0,5,3,OLY,10,322.0
"BROWN, DERRICK","DOUGLAS, TONEY","DRAGIC, ZORAN","DUNSTON, BRYANT","MCCOLLUM, ERRICK",9,11,6,6,1,8,9,0,10,0,0,5,7,1,7,6,IST,5,575.0
"BROWN, DERRICK","DRAGIC, ZORAN","DUNSTON, BRYANT","MCCOLLUM, ERRICK","SIMON, KRUNOSLAV",45,41,21,18,9,33,24,0,45,6,18,10,21,3,25,16,IST,24,2282.0
"CALATHES, NICK","DENMON, MARCUS","GABRIEL, KENNY","GIST, JAMES","RIVERS, KC",5,9,5,1,0,5,6,0,9,1,6,1,2,1,5,4,PAN,3,306.0
"CALATHES, NICK","DENMON, MARCUS","GIST, JAMES","JAMES, MIKE","SINGLETON, CHRIS",7,7,4,4,0,7,7,0,3,4,9,0,7,0,8,2,PAN,2,373.0
"CALATHES, NICK","DENMON, MARCUS","GIST, JAMES","LOJESKI, MATT","SINGLETON, CHRIS",12,15,11,8,2,14,9,0,17,3,6,2,4,2,7,4,PAN,7,734.0
"CALATHES, NICK","DENMON, MARCUS","GIST, JAMES","RIVERS, KC","SINGLETON, CHRIS",16,15,10,10,0,11,14,0,13,1,5,1,10,1,9,3,PAN,3,908.0
"CALATHES, NICK","DENMON, MARCUS","LOJESKI, MATT","SINGLETON, CHRIS","VOUGIOUKAS, IAN",8,8,10,6,2,8,8,1,13,8,13,0,7,1,17,3,PAN,8,500.0
"CALATHES, NICK","GABRIEL, KENNY","GIST, JAMES","PAPPAS, NIKOS","RIVERS, K.C.",5,5,9,7,1,8,5,0,7,4,2,3,5,0,6,5,PAN,1,412.0
"CALATHES, NICK","GABRIEL, KENNY","GIST, JAMES","PAPPAS, NIKOS","RIVERS, KC",9,6,1,5,1,7,4,0,9,5,6,0,2,0,5,2,PAN,3,369.0
"CALATHES, NICK","GIST, JAMES","JAMES, MIKE","LOJESKI, MATT","SINGLETON, CHRIS",15,18,17,8,2,12,20,1,22,5,8,3,7,0,19,8,PAN,13,1326.0
"CALATHES, NICK","GIST, JAMES","JAMES, MIKE","RIVERS, KC","SINGLETON, CHRIS",11,18,12,4,1,10,14,0,17,1,6,0,10,2,11,4,PAN,9,843.0
"CALATHES, NICK","GIST, JAMES","LOJESKI, MATT","PAPPAS, NIKOS","SINGLETON, CHRIS",12,14,7,4,3,11,6,0,14,3,6,2,5,1,13,5,PAN,7,662.0
"CALATHES, NICK","GIST, JAMES","LOJESKI, MATT","RIVERS, K.C.","SINGLETON, CHRIS",7,6,7,5,2,7,6,0,6,1,6,0,7,1,8,3,PAN,4,420.0
"CALATHES, NICK","GIST, JAMES","LOJESKI, MATT","RIVERS, KC","SINGLETON, CHRIS",9,7,4,4,2,10,9,0,5,1,6,2,4,1,6,7,PAN,3,420.0
"CALATHES, NICK","GIST, JAMES","PAPPAS, NIKOS","RIVERS, K.C.","SINGLETON, CHRIS",6,4,4,3,1,4,5,0,7,0,2,1,4,1,2,1,PAN,1,323.0
"CALATHES, NICK","GIST, JAMES","PAPPAS, NIKOS","RIVERS, KC","SINGLETON, CHRIS",20,24,23,7,1,16,29,0,26,13,26,2,13,0,32,14,PAN,11,1194.0
"CALATHES, NICK","JAMES, MIKE","RIVERS, KC","SINGLETON, CHRIS","VOUGIOUKAS, IAN",6,12,7,1,1,4,8,0,12,3,7,0,5,0,7,5,PAN,3,353.0
"CALATHES, NICK","PAPPAS, NIKOS","RIVERS, K.C.","SINGLETON, CHRIS","VOUGIOUKAS, IAN",3,6,5,4,0,2,6,0,6,2,4,1,3,1,7,2,PAN,1,350.0
"CALATHES, NICK","PAPPAS, NIKOS","RIVERS, KC","SINGLETON, CHRIS","VOUGIOUKAS, IAN",5,6,1,0,0,3,7,0,9,3,9,1,1,1,6,2,PAN,6,334.0
"CAMPAZZO, FACUNDO","CARROLL, JAYCEE","FERNANDEZ, RUDY","REYES, FELIPE","THOMPKINS, TREY",8,12,11,3,2,12,9,0,18,4,12,3,5,1,15,8,MAD,6,702.0
"CAMPAZZO, FACUNDO","CARROLL, JAYCEE","RANDOLPH, ANTHONY","TAVARES, WALTER","TAYLOR, JEFFERY",18,26,13,12,2,24,18,0,27,4,3,10,11,3,14,6,MAD,8,929.0
"CAMPAZZO, FACUNDO","CAUSEUR, FABIEN","DONCIC, LUKA","MACIULIS, JONAS","TAVARES, WALTER",5,11,6,2,0,8,6,0,13,0,1,1,1,0,5,1,MAD,6,404.0
"CAMPAZZO, FACUNDO","CAUSEUR, FABIEN","RANDOLPH, ANTHONY","TAVARES, WALTER","TAYLOR, JEFFERY",10,12,4,5,2,7,5,0,14,6,12,1,8,2,19,5,MAD,8,481.0
"CAMPAZZO, FACUNDO","CAUSEUR, FABIEN","TAVARES, WALTER","TAYLOR, JEFFERY","THOMPKINS, TREY",13,18,16,8,1,19,14,0,25,5,11,2,8,3,16,8,MAD,11,941.0
"CAMPAZZO, FACUNDO","CAUSEUR, FABIEN","TAVARES, WALTER","THOMPKINS, TREY","YUSTA, SANTI",21,34,24,15,4,31,19,1,42,0,8,6,13,1,29,8,MAD,25,1826.0
"CAMPAZZO, FACUNDO","DONCIC, LUKA","RANDOLPH, ANTHONY","REYES, FELIPE","TAYLOR, JEFFERY",6,8,7,4,0,8,7,0,6,1,10,0,5,0,10,2,MAD,1,338.0
"CAMPAZZO, FACUNDO","DONCIC, LUKA","TAVARES, WALTER","TAYLOR, JEFFERY","THOMPKINS, TREY",11,9,12,5,1,6,11,0,9,1,0,3,11,0,10,2,MAD,6,597.0
"CAMPAZZO, FACUNDO","FERNANDEZ, RUDY","RANDLE, CHASSON","TAVARES, WALTER","THOMPKINS, TREY",4,6,6,0,1,3,4,0,6,0,3,0,2,0,6,0,MAD,2,304.0
"CAMPAZZO, FACUNDO","FERNANDEZ, RUDY","TAVARES, WALTER","TAYLOR, JEFFERY","THOMPKINS, TREY",7,4,8,7,0,9,9,0,9,5,7,2,8,0,9,5,MAD,7,460.0
"CARROLL, JAYCEE","CAUSEUR, FABIEN","DONCIC, LUKA","TAVARES, WALTER","THOMPKINS, TREY",2,4,6,3,0,5,8,0,8,2,10,0,4,0,11,1,MAD,2,348.0
"CARROLL, JAYCEE","DONCIC, LUKA","FERNANDEZ, RUDY","MACIULIS, JONAS","REYES, FELIPE",10,12,10,7,1,15,8,0,14,1,10,2,4,1,12,5,MAD,6,691.0
"CARROLL, JAYCEE","DONCIC, LUKA","FERNANDEZ, RUDY","REYES, FELIPE","THOMPKINS, TREY",14,17,12,5,2,14,13,1,20,3,9,2,12,3,19,3,MAD,8,779.0
"CARROLL, JAYCEE","DONCIC, LUKA","MACIULIS, JONAS","REYES, FELIPE","TAYLOR, JEFFERY",9,10,12,7,2,13,13,1,19,4,18,3,6,2,21,6,MAD,4,597.0
"CARROLL, JAYCEE","FERNANDEZ, RUDY","RANDLE, CHASSON","REYES, FELIPE","THOMPKINS, TREY",7,6,3,4,1,7,4,0,11,1,7,1,2,0,7,0,MAD,2,383.0
"CAUSEUR, FABIEN","DONCIC, LUKA","RANDOLPH, ANTHONY","REYES, FELIPE","TAYLOR, JEFFERY",8,7,5,2,1,4,3,0,7,2,3,0,5,0,8,2,MAD,2,314.0
"CAUSEUR, FABIEN","DONCIC, LUKA","RANDOLPH, ANTHONY","TAVARES, WALTER","TAYLOR, JEFFERY",7,13,11,1,1,9,3,0,17,3,7,1,6,3,15,3,MAD,9,487.0
"CAUSEUR, FABIEN","DONCIC, LUKA","REYES, FELIPE","TAYLOR, JEFFERY","THOMPKINS, TREY",6,4,6,1,0,4,5,0,6,2,6,0,3,0,3,2,MAD,1,322.0
"CINCIARINI, ANDREA","GOUDELOCK, ANDREW","GUDAITIS, ARTURAS","KUZMINSKAS, MINDAUGAS","MICOV, VLADIMIR",17,7,10,3,2,4,16,0,13,0,6,3,6,0,13,2,MIL,4,680.0
"CINCIARINI, ANDREA","GOUDELOCK, ANDREW","KUZMINSKAS, MINDAUGAS","MICOV, VLADIMIR","TARCZEWSKI, KALEB",22,27,16,13,7,19,26,0,28,1,6,2,9,3,17,6,MIL,14,1403.0
"CINCIARINI, ANDREA","GOUDELOCK, ANDREW","M'BAYE, AMATH","MICOV, VLADIMIR","TARCZEWSKI, KALEB",7,8,3,0,2,4,7,0,10,3,8,2,4,0,9,1,MIL,6,356.0
"CLAVER, VICTOR","HANGA, ADAM","HEURTEL, THOMAS","NAVARRO, JUAN CARLOS","TOMIC, ANTE",4,5,5,0,1,2,2,0,5,3,3,1,1,0,4,1,BAR,2,326.0
"CLAVER, VICTOR","HANGA, ADAM","HEURTEL, THOMAS","RIBAS, PAU","TOMIC, ANTE",2,5,5,7,1,11,7,0,10,0,6,1,3,0,7,3,BAR,6,365.0
"CLAVER, VICTOR","HEURTEL, THOMAS","JACKSON, EDWIN","KOPONEN, PETTERI","ORIOLA, PIERRE",5,8,4,6,3,8,6,0,10,0,4,0,2,0,10,2,BAR,2,361.0
"CLAVER, VICTOR","HEURTEL, THOMAS","KOPONEN, PETTERI","MOERMAN, ADRIEN","TOMIC, ANTE",10,27,9,6,3,23,9,0,25,0,5,0,8,0,10,5,BAR,5,875.0
"CLAVER, VICTOR","HEURTEL, THOMAS","KOPONEN, PETTERI","ORIOLA, PIERRE","SANDERS, RAKIM",12,21,9,4,3,14,11,0,17,1,9,3,7,0,14,3,BAR,8,665.0
"CLAVER, VICTOR","HEURTEL, THOMAS","KOPONEN, PETTERI","ORIOLA, PIERRE","VEZENKOV, SASHA",8,18,5,4,2,13,13,0,19,6,11,2,3,0,15,0,BAR,4,773.0
"CLYBURN, WILL","DE COLO, NANDO","HIGGINS, CORY","HINES, KYLE","KURBANOV, NIKITA",20,20,9,6,5,12,23,0,20,2,9,3,4,1,19,5,CSK,9,1102.0
"CLYBURN, WILL","DE COLO, NANDO","HIGGINS, CORY","HINES, KYLE","RODRIGUEZ, SERGIO",18,22,12,9,4,21,22,0,24,3,24,2,9,1,22,9,CSK,5,1123.0
"CLYBURN, WILL","DE COLO, NANDO","HIGGINS, CORY","HUNTER, OTHELLO","RODRIGUEZ, SERGIO",17,14,11,8,3,13,16,0,17,5,12,4,13,1,19,6,CSK,11,789.0
"CLYBURN, WILL","DE COLO, NANDO","HIGGINS, CORY","HUNTER, OTHELLO","VORONTSEVICH, ANDREY",9,8,2,0,0,2,9,0,9,1,5,0,3,0,8,1,CSK,3,401.0
"CLYBURN, WILL","DE COLO, NANDO","HINES, KYLE","KURBANOV, NIKITA","RODRIGUEZ, SERGIO",14,10,8,9,3,9,14,0,16,1,10,1,7,0,20,2,CSK,11,900.0
"CLYBURN, WILL","DE COLO, NANDO","HINES, KYLE","RODRIGUEZ, SERGIO","VORONTSEVICH, ANDREY",8,14,9,9,2,15,10,0,17,2,5,2,4,0,11,5,CSK,6,825.0
"CLYBURN, WILL","DE COLO, NANDO","HUNTER, OTHELLO","RODRIGUEZ, SERGIO","VORONTSEVICH, ANDREY",12,14,12,5,3,8,10,1,10,0,17,1,5,1,13,5,CSK,8,811.0
"CLYBURN, WILL","DE COLO, NANDO","RODRIGUEZ, SERGIO","VORONTSEVICH, ANDREY","VORONTSEVICH, ANDREY",5,8,1,1,0,4,3,0,4,1,5,1,4,0,4,1,CSK,3,301.0
"CLYBURN, WILL","HIGGINS, CORY","HINES, KYLE","KURBANOV, NIKITA","RODRIGUEZ, SERGIO",12,13,11,8,3,12,17,1,24,4,25,3,9,0,25,8,CSK,10,857.0
"CLYBURN, WILL","HIGGINS, CORY","HINES, KYLE","RODRIGUEZ, SERGIO","VORONTSEVICH, ANDREY",4,4,2,3,0,3,4,0,10,0,6,1,2,0,7,1,CSK,3,312.0
"CLYBURN, WILL","HIGGINS, CORY","HUNTER, OTHELLO","KURBANOV, NIKITA","RODRIGUEZ, SERGIO",2,4,5,2,0,3,3,0,7,2,7,2,2,0,10,2,CSK,6,302.0
"CLYBURN, WILL","HIGGINS, CORY","HUNTER, OTHELLO","RODRIGUEZ, SERGIO","VORONTSEVICH, ANDREY",17,14,11,8,5,15,19,0,19,6,9,2,15,0,14,7,CSK,10,892.0
"CLYBURN, WILL","HIGGINS, CORY","KURBANOV, NIKITA","RODRIGUEZ, SERGIO","VORONTSEVICH, ANDREY",11,9,5,3,2,7,6,0,12,7,12,0,6,0,15,4,CSK,2,555.0
"COHEN, JAKE","COLE, NORRIS","DIBARTOLOMEO, JOHN","THOMAS, DESHAUN","TYUS, ALEX",8,11,5,3,0,7,11,0,17,7,10,1,8,1,12,0,TEL,3,489.0
"COHEN, JAKE","COLE, NORRIS","KANE, DEANDRE","THOMAS, DESHAUN","TYUS, ALEX",7,7,1,1,0,5,5,0,10,3,4,0,3,0,8,0,TEL,4,335.0
"COLE, NORRIS","DIBARTOLOMEO, JOHN","KANE, DEANDRE","THOMAS, DESHAUN","TYUS, ALEX",13,18,10,8,2,12,13,0,22,4,13,2,10,1,13,2,TEL,5,756.0
"COLE, NORRIS","DIBARTOLOMEO, JOHN","PARAKHOUSKI, ARTSIOM","ROLL, MICHAEL","THOMAS, DESHAUN",6,12,4,4,0,11,6,0,15,2,3,3,4,1,5,2,TEL,4,498.0
"COLE, NORRIS","DIBARTOLOMEO, JOHN","ROLL, MICHAEL","THOMAS, DESHAUN","TYUS, ALEX",5,14,6,0,1,9,10,0,9,1,5,3,2,1,11,2,TEL,2,506.0
"COLE, NORRIS","JACKSON, PIERRE","KANE, DEANDRE","THOMAS, DESHAUN","TYUS, ALEX",20,19,7,8,1,15,15,1,18,8,17,2,9,0,15,6,TEL,6,862.0
"COLE, NORRIS","JACKSON, PIERRE","ROLL, MICHAEL","THOMAS, DESHAUN","TYUS, ALEX",23,23,10,8,2,24,17,1,26,8,19,1,9,0,26,4,TEL,14,1166.0
"COLE, NORRIS","KANE, DEANDRE","PARAKHOUSKI, ARTSIOM","ROLL, MICHAEL","THOMAS, DESHAUN",12,19,8,2,0,7,7,1,16,1,7,2,6,1,13,2,TEL,9,664.0
"COLE, NORRIS","KANE, DEANDRE","ROLL, MICHAEL","THOMAS, DESHAUN","TYUS, ALEX",24,22,7,9,3,13,17,2,25,4,5,3,8,1,13,7,TEL,4,992.0
"COLE, NORRIS","KANE, DEANDRE","THOMAS, DESHAUN","TYUS, ALEX","ZOOSMAN, YOVEL",9,9,4,0,2,8,1,0,9,3,1,2,8,0,3,4,TEL,3,309.0
"DANGUBIC, NEMANJA","DAVIDOVAC, DEJAN","ENNIS, DYLAN","JANKOVIC, STEFAN","LESSORT, MATHIAS",7,12,0,0,0,3,0,0,3,0,2,1,5,1,5,2,RED,3,329.0
"DANGUBIC, NEMANJA","FELDEINE, JAMES","JANKOVIC, STEFAN","LESSORT, MATHIAS","ROCHESTIE, TAYLOR",10,3,6,3,1,2,5,0,6,1,1,1,11,1,4,3,RED,3,319.0
"DATOME, LUIGI","DUVERIOGLU, AHMET","GUDURIC, MARKO","MELLI, NICOLO","SLOUKAS, KOSTAS",1,7,4,6,0,8,8,0,5,0,3,1,2,2,5,4,ULK,5,444.0
"DATOME, LUIGI","DUVERIOGLU, AHMET","GUDURIC, MARKO","VESELY, JAN","WANAMAKER, BRAD",5,9,3,2,1,4,6,1,5,0,0,0,3,2,5,3,ULK,4,352.0
"DATOME, LUIGI","DUVERIOGLU, AHMET","MELLI, NICOLO","NUNNALLY, JAMES","SLOUKAS, KOSTAS",4,6,4,4,1,6,6,0,7,1,0,2,2,0,3,4,ULK,3,352.0
"DATOME, LUIGI","DUVERIOGLU, AHMET","MELLI, NICOLO","NUNNALLY, JAMES","WANAMAKER, BRAD",8,2,0,1,0,4,5,0,4,4,7,0,0,0,7,2,ULK,2,318.0
"DATOME, LUIGI","GUDURIC, MARKO","MELLI, NICOLO","MUHAMMED, ALI","THOMPSON, JASON",7,11,6,5,0,9,6,0,12,3,1,0,4,0,8,2,ULK,2,525.0
"DATOME, LUIGI","GUDURIC, MARKO","MELLI, NICOLO","SLOUKAS, KOSTAS","THOMPSON, JASON",1,10,4,6,0,8,10,0,9,2,0,2,2,2,4,0,ULK,5,487.0
"DATOME, LUIGI","GUDURIC, MARKO","MELLI, NICOLO","SLOUKAS, KOSTAS","VESELY, JAN",14,13,4,7,0,14,12,0,13,1,2,2,4,1,14,5,ULK,4,761.0
"DATOME, LUIGI","GUDURIC, MARKO","MELLI, NICOLO","THOMPSON, JASON","WANAMAKER, BRAD",5,5,2,1,1,6,4,0,4,1,12,0,2,1,8,1,ULK,4,304.0
"DATOME, LUIGI","GUDURIC, MARKO","MELLI, NICOLO","VESELY, JAN","WANAMAKER, BRAD",18,30,11,10,0,28,18,0,28,5,10,1,10,1,26,5,ULK,14,1518.0
"DATOME, LUIGI","GUDURIC, MARKO","THOMPSON, JASON","VESELY, JAN","WANAMAKER, BRAD",7,7,3,1,1,7,6,0,7,2,2,1,4,1,5,1,ULK,5,309.0
"DATOME, LUIGI","KALINIC, NIKOLA","MELLI, NICOLO","SLOUKAS, KOSTAS","VESELY, JAN",3,6,5,1,1,4,4,0,6,1,7,0,1,0,5,2,ULK,3,329.0
"DATOME, LUIGI","MELLI, NICOLO","NUNNALLY, JAMES","SLOUKAS, KOSTAS","THOMPSON, JASON",9,13,3,2,0,6,11,0,8,0,0,1,3,1,7,3,ULK,6,639.0
"DATOME, LUIGI","MELLI, NICOLO","NUNNALLY, JAMES","SLOUKAS, KOSTAS","VESELY, JAN",10,14,17,13,2,21,18,1,16,6,21,5,10,1,22,7,ULK,8,984.0
"DATOME, LUIGI","MELLI, NICOLO","NUNNALLY, JAMES","THOMPSON, JASON","WANAMAKER, BRAD",5,4,3,2,1,5,7,0,7,0,1,2,4,1,4,4,ULK,4,312.0
"DATOME, LUIGI","MELLI, NICOLO","NUNNALLY, JAMES","VESELY, JAN","WANAMAKER, BRAD",17,13,9,4,2,13,11,0,21,1,11,4,11,3,18,5,ULK,10,870.0
"DATOME, LUIGI","MELLI, NICOLO","SLOUKAS, KOSTAS","THOMPSON, JASON","WANAMAKER, BRAD",10,12,8,4,1,10,13,0,12,2,17,1,5,3,18,4,ULK,8,594.0
"DATOME, LUIGI","MELLI, NICOLO","SLOUKAS, KOSTAS","VESELY, JAN","WANAMAKER, BRAD",45,62,17,16,6,49,47,1,46,14,32,6,31,3,54,15,ULK,21,2601.0
"DATOME, LUIGI","NUNNALLY, JAMES","SLOUKAS, KOSTAS","VESELY, JAN","WANAMAKER, BRAD",4,9,5,2,1,3,7,0,8,0,3,1,3,2,6,2,ULK,5,328.0
"DATOME, LUIGI","NUNNALLY, JAMES","THOMPSON, JASON","VESELY, JAN","WANAMAKER, BRAD",15,11,5,6,2,13,7,0,16,4,13,1,7,0,13,3,ULK,4,585.0
"DATOME, LUIGI","SLOUKAS, KOSTAS","THOMPSON, JASON","VESELY, JAN","WANAMAKER, BRAD",20,28,11,8,3,29,18,1,29,2,15,5,7,0,25,6,ULK,13,1441.0
"DAVIES, BRANDON","JANKUNAS, PAULIUS","MICIC, VASILIJE","MILAKNIS, ARTURAS","PANGOS, KEVIN",18,26,9,6,2,23,13,1,18,0,4,2,4,0,13,7,ZAL,3,1088.0
"DAVIES, BRANDON","JANKUNAS, PAULIUS","MICIC, VASILIJE","MILAKNIS, ARTURAS","ULANOVAS, EDGARAS",2,5,3,3,0,6,5,0,6,1,2,0,0,0,3,2,ZAL,2,371.0
"DAVIES, BRANDON","JANKUNAS, PAULIUS","MICIC, VASILIJE","PANGOS, KEVIN","ULANOVAS, EDGARAS",27,32,12,16,4,25,27,1,29,0,16,3,15,2,31,13,ZAL,21,1844.0
"DAVIES, BRANDON","JANKUNAS, PAULIUS","MILAKNIS, ARTURAS","PANGOS, KEVIN","TOUPANE, AXEL",6,10,1,2,3,11,11,0,4,0,4,0,3,0,4,2,ZAL,4,467.0
"DAVIES, BRANDON","JANKUNAS, PAULIUS","MILAKNIS, ARTURAS","PANGOS, KEVIN","ULANOVAS, EDGARAS",15,22,13,8,2,24,15,0,25,4,13,4,16,3,25,8,ZAL,17,1155.0
"DAVIES, BRANDON","JANKUNAS, PAULIUS","PANGOS, KEVIN","TOUPANE, AXEL","ULANOVAS, EDGARAS",48,48,23,8,6,35,38,0,46,4,20,7,29,7,44,8,ZAL,27,2269.0
"DAVIES, BRANDON","MICIC, VASILIJE","MILAKNIS, ARTURAS","PANGOS, KEVIN","ULANOVAS, EDGARAS",8,9,2,4,2,10,11,1,7,1,7,0,2,0,13,3,ZAL,4,416.0
"DAVIES, BRANDON","MICIC, VASILIJE","MILAKNIS, ARTURAS","PANGOS, KEVIN","WHITE, AARON",3,6,4,2,0,7,7,0,9,2,8,0,1,2,7,2,ZAL,6,414.0
"DAVIES, BRANDON","MICIC, VASILIJE","MILAKNIS, ARTURAS","UDRIH, BENO","WHITE, AARON",4,6,5,5,0,9,8,0,10,1,5,1,1,0,6,3,ZAL,6,474.0
"DAVIES, BRANDON","MICIC, VASILIJE","PANGOS, KEVIN","ULANOVAS, EDGARAS","WHITE, AARON",27,13,7,3,5,10,21,0,14,5,23,0,14,2,19,9,ZAL,10,964.0
"DAVIES, BRANDON","MILAKNIS, ARTURAS","PANGOS, KEVIN","ULANOVAS, EDGARAS","WHITE, AARON",6,9,3,4,0,7,11,0,12,2,11,1,1,1,11,1,ZAL,7,484.0
"DAVIES, BRANDON","PANGOS, KEVIN","TOUPANE, AXEL","ULANOVAS, EDGARAS","WHITE, AARON",11,13,5,1,2,5,7,0,12,2,1,1,7,1,8,5,ZAL,6,472.0
"DE COLO, NANDO","HIGGINS, CORY","HINES, KYLE","KURBANOV, NIKITA","VORONTSEVICH, ANDREY",6,10,3,5,1,8,6,0,10,2,9,0,2,3,7,7,CSK,6,397.0
"DE COLO, NANDO","HINES, KYLE","KURBANOV, NIKITA","RODRIGUEZ, SERGIO","VORONTSEVICH, ANDREY",13,18,9,4,4,13,11,1,10,2,1,2,8,0,12,8,CSK,6,604.0
"DE COLO, NANDO","HUNTER, OTHELLO","KURBANOV, NIKITA","RODRIGUEZ, SERGIO","VORONTSEVICH, ANDREY",9,9,6,8,3,13,8,1,12,1,3,0,9,0,10,2,CSK,5,560.0
"DENMON, MARCUS","JAMES, MIKE","LOJESKI, MATT","PAYNE, ADREIAN","SINGLETON, CHRIS",3,7,5,3,0,4,5,0,5,0,4,1,3,0,4,1,PAN,1,307.0
"DIAZ, ALBERTO","SALIN, SASU","SHERMADINI, GIORGI","SUAREZ, CARLOS","WACZYNSKI, ADAM",7,9,14,3,0,9,11,0,13,0,7,1,7,0,12,2,MAL,5,602.0
"DIBARTOLOMEO, JOHN","JACKSON, PIERRE","KANE, DEANDRE","THOMAS, DESHAUN","TYUS, ALEX",6,7,7,3,0,5,2,0,10,5,9,2,6,0,10,2,TEL,2,459.0
"DIOP, ILIMANE","GRANGER, JAYSON","JANNING, MATT","SHENGELIA, TORNIKE","TIMMA, JANIS",7,10,6,3,0,7,7,0,13,3,3,2,4,1,9,3,BAS,6,557.0
"DIOP, ILIMANE","GRANGER, JAYSON","JANNING, MATT","TIMMA, JANIS","VOIGTMANN, JOHANNES",3,7,5,1,1,3,6,0,8,0,3,1,2,3,6,2,BAS,7,380.0
"DIOP, ILIMANE","HUERTAS, MARCELINHO","JANNING, MATT","SHENGELIA, TORNIKE","TIMMA, JANIS",6,4,3,5,1,6,2,0,4,1,1,0,2,0,5,1,BAS,2,348.0
"DIOP, ILIMANE","JANNING, MATT","TIMMA, JANIS","VILDOZA, LUCA","VOIGTMANN, JOHANNES",4,2,3,2,0,5,4,0,6,5,3,0,1,0,10,1,BAS,4,322.0
"DOBRIC, OGNJEN","ENNIS, DYLAN","FELDEINE, JAMES","JANKOVIC, STEFAN","OMIC, ALEN",5,9,7,2,0,6,8,0,11,6,11,0,7,0,13,3,RED,3,335.0
"DOBRIC, OGNJEN","JANKOVIC, STEFAN","LAZIC, BRANKO","LESSORT, MATHIAS","ROCHESTIE, TAYLOR",7,5,7,3,1,6,7,0,2,0,2,0,5,0,4,4,RED,2,361.0
"DONCIC, LUKA","FERNANDEZ, RUDY","MACIULIS, JONAS","REYES, FELIPE","TAYLOR, JEFFERY",4,6,10,3,0,4,6,0,8,3,7,1,7,1,9,2,MAD,6,347.0
"DOORNEKAMP, AARON","DUBLJEVIC, BOJAN","GREEN, ERICK","SAN EMETERIO, FERNANDO","VAN ROSSOM, SAM",5,5,4,4,0,4,4,0,6,0,6,0,3,1,9,1,PAM,5,441.0
"DOORNEKAMP, AARON","DUBLJEVIC, BOJAN","GREEN, ERICK","THOMAS, WILL","VAN ROSSOM, SAM",4,6,2,3,1,5,5,0,9,0,4,1,2,0,3,3,PAM,3,329.0
"DOORNEKAMP, AARON","DUBLJEVIC, BOJAN","GREEN, ERICK","THOMAS, WILL","VIVES, GUILLEM",7,7,6,5,1,9,10,0,7,0,6,1,4,0,9,3,PAM,4,563.0
"DOORNEKAMP, AARON","DUBLJEVIC, BOJAN","MARTINEZ, RAFA","SASTRE, JOAN","VAN ROSSOM, SAM",5,2,3,3,0,4,2,1,6,2,10,0,2,0,9,1,PAM,3,303.0
"DOORNEKAMP, AARON","DUBLJEVIC, BOJAN","MARTINEZ, RAFA","THOMAS, WILL","VAN ROSSOM, SAM",6,13,24,10,1,16,8,0,19,2,5,1,14,3,19,5,PAM,12,1019.0
"DOORNEKAMP, AARON","GREEN, ERICK","PLEISS, TIBOR","RUDEZ, DAMJAN","VAN ROSSOM, SAM",4,13,3,1,2,11,2,0,6,0,2,0,3,0,9,3,PAM,1,348.0
"DOORNEKAMP, AARON","GREEN, ERICK","PLEISS, TIBOR","SAN EMETERIO, FERNANDO","VAN ROSSOM, SAM",19,16,5,8,0,13,11,1,17,1,5,5,6,2,9,6,PAM,12,961.0
"DOORNEKAMP, AARON","GREEN, ERICK","PLEISS, TIBOR","SAN EMETERIO, FERNANDO","VIVES, GUILLEM",5,8,9,5,1,9,8,1,9,0,10,1,4,0,9,3,PAM,2,425.0
"DOORNEKAMP, AARON","GREEN, ERICK","PLEISS, TIBOR","SASTRE, JOAN","VIVES, GUILLEM",5,8,4,5,0,9,12,0,18,5,12,3,1,2,16,3,PAM,5,530.0
"DOORNEKAMP, AARON","GREEN, ERICK","PLEISS, TIBOR","THOMAS, WILL","VAN ROSSOM, SAM",10,9,4,2,2,6,6,0,12,0,4,1,3,0,10,3,PAM,6,516.0
"DOORNEKAMP, AARON","GREEN, ERICK","PLEISS, TIBOR","THOMAS, WILL","VIVES, GUILLEM",9,9,4,7,0,14,4,0,7,0,5,1,7,1,9,2,PAM,3,525.0
"DOORNEKAMP, AARON","MARTINEZ, RAFA","PLEISS, TIBOR","THOMAS, WILL","VAN ROSSOM, SAM",8,14,12,4,3,14,11,0,13,0,3,1,7,0,15,2,PAM,2,764.0
"DOUGLAS, TONEY","DUNSTON, BRYANT","MCCOLLUM, ERRICK","MOTUM, BROCK","MUSTAFA, MUHAYMIN",4,6,3,2,0,4,6,0,2,0,0,2,4,0,3,1,IST,2,347.0
"DOUGLAS, TONEY","DUNSTON, BRYANT","MCCOLLUM, ERRICK","MOTUM, BROCK","WEEMS, SONNY",5,5,7,2,0,5,6,0,7,4,6,1,4,2,8,1,IST,6,412.0
"DRAGIC, ZORAN","DUNSTON, BRYANT","MCCOLLUM, ERRICK","MOTUM, BROCK","SIMON, KRUNOSLAV",15,20,13,11,1,20,16,1,24,6,16,7,6,1,21,5,IST,9,1204.0
"DRAGIC, ZORAN","MCCOLLUM, ERRICK","MOTUM, BROCK","SIMON, KRUNOSLAV","STIMAC, VLADIMIR",7,6,7,3,0,3,8,0,10,2,5,0,3,1,8,2,IST,4,491.0
"DUBLJEVIC, BOJAN","GREEN, ERICK","SAN EMETERIO, FERNANDO","SASTRE, JOAN","THOMAS, WILL",5,1,3,3,0,3,6,0,3,0,4,0,2,0,4,0,PAM,1,347.0
"DUBLJEVIC, BOJAN","GREEN, ERICK","SASTRE, JOAN","THOMAS, WILL","VAN ROSSOM, SAM",3,3,5,2,2,3,4,0,7,3,5,2,4,2,7,2,PAM,5,412.0
"DUBLJEVIC, BOJAN","GREEN, ERICK","SASTRE, JOAN","THOMAS, WILL","VIVES, GUILLEM",7,5,2,1,0,2,5,0,6,1,8,0,2,0,6,4,PAM,1,319.0
"DUBLJEVIC, BOJAN","MARTINEZ, RAFA","SASTRE, JOAN","THOMAS, WILL","VAN ROSSOM, SAM",3,12,9,1,1,9,7,1,11,1,2,0,2,1,10,4,PAM,6,446.0
"DUNSTON, BRYANT","LEDO, RICKY","MCCOLLUM, ERRICK","MOTUM, BROCK","MURIC, EDO",7,12,4,1,3,6,6,0,13,0,8,5,4,0,6,0,IST,1,324.0
"DUNSTON, BRYANT","LEDO, RICKY","MCCOLLUM, ERRICK","MOTUM, BROCK","SIMON, KRUNOSLAV",6,4,5,2,0,4,8,0,4,2,4,0,4,1,4,1,IST,3,312.0
"DUNSTON, BRYANT","LEDO, RICKY","MCCOLLUM, ERRICK","SIMON, KRUNOSLAV","STIMAC, VLADIMIR",14,13,9,4,2,11,9,0,14,5,14,2,8,0,19,4,IST,5,614.0
"DUNSTON, BRYANT","MCCOLLUM, ERRICK","MOTUM, BROCK","MURIC, EDO","SIMON, KRUNOSLAV",17,11,7,9,6,8,10,0,22,1,11,3,11,1,9,5,IST,11,808.0
"DUNSTON, BRYANT","MCCOLLUM, ERRICK","MOTUM, BROCK","SIMON, KRUNOSLAV","WEEMS, SONNY",7,11,7,6,1,15,5,1,8,2,5,1,2,0,10,3,IST,3,511.0
"DUVERIOGLU, AHMET","KALINIC, NIKOLA","NUNNALLY, JAMES","SLOUKAS, KOSTAS","VESELY, JAN",8,7,0,4,0,5,6,1,7,0,6,1,2,1,7,1,ULK,2,316.0
"FELDEINE, JAMES","JANKOVIC, STEFAN","LAZIC, BRANKO","LESSORT, MATHIAS","ROCHESTIE, TAYLOR",19,18,11,5,4,15,13,2,16,4,16,0,14,0,16,9,RED,8,853.0
"FRIDZON, VITALY","HIGGINS, CORY","HUNTER, OTHELLO","RODRIGUEZ, SERGIO","VORONTSEVICH, ANDREY",5,10,3,2,0,3,4,0,4,1,7,0,7,3,11,3,CSK,6,337.0
"GABRIEL, KENNY","GIST, JAMES","LEKAVICIUS, LUKAS","PAPPAS, NIKOS","RIVERS, KC",7,6,6,5,0,8,3,0,8,1,0,1,2,0,9,6,PAN,4,363.0
"GABRIEL, KENNY","LEKAVICIUS, LUKAS","LOJESKI, MATT","PAPPAS, NIKOS","VOUGIOUKAS, IAN",3,7,6,3,0,5,7,0,6,0,0,1,0,1,6,1,PAN,4,381.0
"GABRIEL, KENNY","LEKAVICIUS, LUKAS","PAPPAS, NIKOS","RIVERS, KC","VOUGIOUKAS, IAN",10,8,14,7,2,9,8,0,8,2,12,1,8,0,19,7,PAN,6,752.0
"GARINO, PATRICIO","GRANGER, JAYSON","JANNING, MATT","POIRIER, VINCENT","SHENGELIA, TORNIKE",7,12,7,4,1,14,7,0,7,4,10,2,8,0,9,4,BAS,6,548.0
"GARINO, PATRICIO","GRANGER, JAYSON","JANNING, MATT","POIRIER, VINCENT","VOIGTMANN, JOHANNES",8,10,5,1,3,9,11,0,12,1,4,1,4,1,7,5,BAS,6,498.0
"GARINO, PATRICIO","GRANGER, JAYSON","JANNING, MATT","SHENGELIA, TORNIKE","VOIGTMANN, JOHANNES",8,8,7,5,1,10,6,0,11,3,6,0,4,0,12,9,BAS,5,486.0
"GARINO, PATRICIO","JANNING, MATT","POIRIER, VINCENT","VILDOZA, LUCA","VOIGTMANN, JOHANNES",6,9,3,4,1,9,5,0,10,3,9,0,2,0,10,1,BAS,1,483.0
"GILL, ANTHONY","HONEYCUTT, TYLER","JENKINS, CHARLES","MARKOVIC, STEFAN","TODOROVIC, MARKO",3,5,8,3,2,4,7,0,9,1,1,1,3,0,3,1,KHI,3,410.0
"GILL, ANTHONY","HONEYCUTT, TYLER","JENKINS, CHARLES","SHVED, ALEXEY","THOMAS, MALCOLM",10,5,7,3,0,6,3,0,10,4,7,0,3,0,12,1,KHI,3,407.0
"GILL, ANTHONY","HONEYCUTT, TYLER","MARKOVIC, STEFAN","MONIA, SERGEY","VIALTSEV, EGOR",1,7,5,3,0,8,7,0,10,2,3,0,4,1,8,0,KHI,3,325.0
"GILL, ANTHONY","HONEYCUTT, TYLER","MARKOVIC, STEFAN","SHVED, ALEXEY","THOMAS, MALCOLM",14,7,6,5,3,6,8,0,16,5,5,3,7,1,7,3,KHI,6,581.0
"GILL, ANTHONY","JENKINS, CHARLES","MARKOVIC, STEFAN","ROBINSON, THOMAS","SHVED, ALEXEY",16,10,16,7,1,12,12,0,13,6,17,2,12,0,20,7,KHI,6,800.0
"GILL, ANTHONY","JENKINS, CHARLES","MARKOVIC, STEFAN","SHVED, ALEXEY","THOMAS, MALCOLM",6,13,12,6,0,16,14,1,12,0,10,1,7,0,13,8,KHI,4,747.0
"GILL, ANTHONY","JENKINS, CHARLES","MARKOVIC, STEFAN","SHVED, ALEXEY","TODOROVIC, MARKO",4,4,5,2,0,4,4,0,3,1,3,1,4,1,7,3,KHI,7,341.0
"GILL, ANTHONY","JENKINS, CHARLES","SHVED, ALEXEY","THOMAS, MALCOLM","VIALTSEV, EGOR",10,17,16,13,2,25,23,0,14,1,10,0,5,0,9,9,KHI,8,977.0
"GILL, ANTHONY","MARKOVIC, STEFAN","SHVED, ALEXEY","THOMAS, MALCOLM","VIALTSEV, EGOR",12,23,21,12,3,21,25,0,18,5,12,4,4,0,30,7,KHI,15,1462.0
"GILL, ANTHONY","MARKOVIC, STEFAN","SHVED, ALEXEY","TODOROVIC, MARKO","VIALTSEV, EGOR",6,11,5,3,1,6,8,0,10,3,10,1,5,2,8,4,KHI,8,467.0
"GIST, JAMES","LEKAVICIUS, LUKAS","LOJESKI, MATT","RIVERS, KC","SINGLETON, CHRIS",5,2,8,5,3,10,8,0,14,1,11,0,2,2,11,4,PAN,6,549.0
"GIST, JAMES","LEKAVICIUS, LUKAS","PAPPAS, NIKOS","RIVERS, KC","SINGLETON, CHRIS",5,7,5,5,1,6,12,0,8,2,7,1,1,1,14,5,PAN,8,605.0
"GOUDELOCK, ANDREW","GUDAITIS, ARTURAS","JERRELLS, CURTIS","KUZMINSKAS, MINDAUGAS","MICOV, VLADIMIR",13,13,9,2,1,9,8,0,14,0,2,4,8,0,11,3,MIL,2,639.0
"GOUDELOCK, ANDREW","GUDAITIS, ARTURAS","KUZMINSKAS, MINDAUGAS","MICOV, VLADIMIR","THEODORE, JORDAN",10,8,8,2,0,5,7,2,7,4,8,2,7,1,10,2,MIL,6,657.0
"GOUDELOCK, ANDREW","GUDAITIS, ARTURAS","M'BAYE, AMATH","MICOV, VLADIMIR","THEODORE, JORDAN",15,19,9,7,1,14,14,0,19,7,12,3,10,0,16,1,MIL,8,1052.0
"GOUDELOCK, ANDREW","GUDAITIS, ARTURAS","MICOV, VLADIMIR","PASCOLO, DAVIDE","THEODORE, JORDAN",6,5,1,1,0,4,5,0,5,1,3,0,1,0,4,1,MIL,3,305.0
"GOUDELOCK, ANDREW","JEFFERSON, CORY","MICOV, VLADIMIR","TARCZEWSKI, KALEB","THEODORE, JORDAN",12,16,9,6,0,11,10,0,13,1,12,2,5,2,18,3,MIL,7,773.0
"GOUDELOCK, ANDREW","JERRELLS, CURTIS","KUZMINSKAS, MINDAUGAS","MICOV, VLADIMIR","TARCZEWSKI, KALEB",7,10,6,3,1,4,12,0,12,2,11,1,5,1,8,4,MIL,4,490.0
"GOUDELOCK, ANDREW","KUZMINSKAS, MINDAUGAS","MICOV, VLADIMIR","TARCZEWSKI, KALEB","THEODORE, JORDAN",18,24,11,13,1,24,18,0,16,4,13,0,6,3,25,5,MIL,8,1150.0
"GOUDELOCK, ANDREW","M'BAYE, AMATH","MICOV, VLADIMIR","TARCZEWSKI, KALEB","THEODORE, JORDAN",29,24,22,16,3,25,25,0,32,3,19,4,17,3,29,7,MIL,16,1896.0
"GRANGER, JAYSON","JANNING, MATT","JONES, KEVIN","TIMMA, JANIS","VOIGTMANN, JOHANNES",1,5,5,2,0,6,3,0,4,1,1,0,1,0,5,1,BAS,2,335.0
"GRANGER, JAYSON","JANNING, MATT","MALMANIS, RINALDS","POIRIER, VINCENT","TIMMA, JANIS",13,16,10,8,3,15,10,0,16,0,3,2,9,0,12,2,BAS,4,737.0
"GRANGER, JAYSON","JANNING, MATT","POIRIER, VINCENT","SHENGELIA, TORNIKE","TIMMA, JANIS",11,29,11,10,1,26,16,1,24,5,5,6,11,2,17,8,BAS,12,1079.0
"GRANGER, JAYSON","JANNING, MATT","POIRIER, VINCENT","TIMMA, JANIS","VOIGTMANN, JOHANNES",5,7,3,8,0,8,4,0,9,0,4,1,1,0,5,3,BAS,3,407.0
"GRANGER, JAYSON","JANNING, MATT","SHENGELIA, TORNIKE","TIMMA, JANIS","VOIGTMANN, JOHANNES",17,20,20,15,3,26,14,1,35,1,7,3,8,1,23,5,BAS,18,1427.0
"GUDAITIS, ARTURAS","JERRELLS, CURTIS","M'BAYE, AMATH","MICOV, VLADIMIR","THEODORE, JORDAN",5,7,3,4,0,4,10,1,9,1,3,0,2,2,7,0,MIL,9,420.0
"GUDURIC, MARKO","KALINIC, NIKOLA","MELLI, NICOLO","SLOUKAS, KOSTAS","THOMPSON, JASON",6,3,5,4,1,7,4,0,6,2,5,0,1,1,6,4,ULK,7,352.0
"GUDURIC, MARKO","KALINIC, NIKOLA","MELLI, NICOLO","SLOUKAS, KOSTAS","VESELY, JAN",6,3,3,6,0,7,5,0,7,2,10,0,3,1,5,3,ULK,2,402.0
"GUDURIC, MARKO","MAHMUTOGLU, MELIH","MELLI, NICOLO","VESELY, JAN","WANAMAKER, BRAD",3,5,2,4,0,4,10,0,9,1,9,0,2,1,7,3,ULK,7,414.0
"GUDURIC, MARKO","MELLI, NICOLO","NUNNALLY, JAMES","THOMPSON, JASON","WANAMAKER, BRAD",7,11,5,2,0,8,4,0,13,0,9,1,3,0,11,5,ULK,7,451.0
"GUDURIC, MARKO","MELLI, NICOLO","NUNNALLY, JAMES","VESELY, JAN","WANAMAKER, BRAD",4,8,3,3,0,8,5,0,6,3,10,3,2,0,8,1,ULK,0,386.0
"GUDURIC, MARKO","MELLI, NICOLO","SLOUKAS, KOSTAS","VESELY, JAN","WANAMAKER, BRAD",10,9,5,3,2,7,12,0,13,1,5,2,3,0,7,0,ULK,6,754.0
"GUDURIC, MARKO","NUNNALLY, JAMES","THOMPSON, JASON","VESELY, JAN","WANAMAKER, BRAD",8,13,5,2,1,12,10,0,12,0,1,1,6,0,9,5,ULK,8,617.0
"HACKETT, DANIEL","HECKMANN, PATRICK","LO, MAODO","RUBIT, AUGUSTINE","WRIGHT, DORELL",4,8,3,6,1,6,5,0,12,6,9,1,1,1,13,1,BAM,4,449.0
"HACKETT, DANIEL","HICKMAN, RICKY","LO, MAODO","RUBIT, AUGUSTINE","WRIGHT, DORELL",4,6,3,3,1,5,7,0,3,4,13,2,3,1,13,2,BAM,3,361.0
"HACKETT, DANIEL","HICKMAN, RICKY","MITROVIC, LUKA","RUBIT, AUGUSTINE","STAIGER, LUCCA",6,3,3,2,1,4,4,0,4,0,3,0,5,0,3,0,BAM,1,327.0
"HACKETT, DANIEL","HICKMAN, RICKY","MUSLI, DEJAN","RUBIT, AUGUSTINE","ZISIS, NIKOS",10,5,1,1,0,7,2,0,8,4,3,1,4,1,7,1,BAM,4,365.0
"HACKETT, DANIEL","HICKMAN, RICKY","MUSLI, DEJAN","WRIGHT, DORELL","ZISIS, NIKOS",8,8,7,2,6,4,8,0,10,1,4,0,3,0,7,0,BAM,2,476.0
"HACKETT, DANIEL","HICKMAN, RICKY","NIKOLIC, ALEKSEJ","RADOSEVIC, LEON","RUBIT, AUGUSTINE",7,6,2,0,1,4,3,0,3,0,0,1,3,0,2,0,BAM,1,336.0
"HACKETT, DANIEL","HICKMAN, RICKY","RADOSEVIC, LEON","TAYLOR, BRYCE","WRIGHT, DORELL",8,6,5,5,1,7,8,0,9,0,3,0,0,0,5,2,BAM,1,523.0
"HACKETT, DANIEL","HICKMAN, RICKY","RADOSEVIC, LEON","WRIGHT, DORELL","ZISIS, NIKOS",14,9,12,4,2,6,9,1,19,3,17,2,9,1,14,4,BAM,9,762.0
"HACKETT, DANIEL","HICKMAN, RICKY","RUBIT, AUGUSTINE","TAYLOR, BRYCE","ZISIS, NIKOS",3,5,8,4,1,6,5,0,6,0,0,0,2,1,6,2,BAM,2,358.0
"HACKETT, DANIEL","HICKMAN, RICKY","RUBIT, AUGUSTINE","WRIGHT, DORELL","ZISIS, NIKOS",4,7,3,2,0,5,4,0,7,2,0,1,2,0,6,1,BAM,8,460.0
"HACKETT, DANIEL","LO, MAODO","MUSLI, DEJAN","RUBIT, AUGUSTINE","WRIGHT, DORELL",7,4,2,4,0,8,5,0,8,1,2,0,4,2,7,3,BAM,7,330.0
"HACKETT, DANIEL","LO, MAODO","RADOSEVIC, LEON","RUBIT, AUGUSTINE","STAIGER, LUCCA",10,8,6,5,2,10,15,0,11,0,2,1,3,0,7,2,BAM,2,674.0
"HACKETT, DANIEL","LO, MAODO","RADOSEVIC, LEON","RUBIT, AUGUSTINE","WRIGHT, DORELL",3,5,2,4,0,7,4,0,6,0,2,0,2,0,3,1,BAM,5,306.0
"HACKETT, DANIEL","LO, MAODO","RADOSEVIC, LEON","STAIGER, LUCCA","WRIGHT, DORELL",3,5,3,7,0,6,5,0,6,0,4,0,0,0,4,2,BAM,1,410.0
"HACKETT, DANIEL","LO, MAODO","RUBIT, AUGUSTINE","WRIGHT, DORELL","ZISIS, NIKOS",6,6,4,2,0,3,7,0,7,0,3,0,1,0,5,2,BAM,1,367.0
"HACKETT, DANIEL","MUSLI, DEJAN","RUBIT, AUGUSTINE","WRIGHT, DORELL","ZISIS, NIKOS",7,9,6,4,1,10,2,0,7,1,3,1,6,0,10,2,BAM,4,433.0
"HACKETT, DANIEL","NIKOLIC, ALEKSEJ","RADOSEVIC, LEON","RUBIT, AUGUSTINE","STAIGER, LUCCA",3,1,3,5,1,5,4,0,4,2,3,0,1,0,5,2,BAM,1,326.0
"HANGA, ADAM","HEURTEL, THOMAS","KOPONEN, PETTERI","MOERMAN, ADRIEN","SERAPHIN, KEVIN",8,10,7,1,1,8,8,0,14,0,3,2,4,2,7,3,BAR,9,594.0
"HANGA, ADAM","HEURTEL, THOMAS","KOPONEN, PETTERI","MOERMAN, ADRIEN","TOMIC, ANTE",8,9,3,4,1,6,6,0,12,4,5,1,6,2,8,2,BAR,10,482.0
"HANGA, ADAM","HEURTEL, THOMAS","KOPONEN, PETTERI","ORIOLA, PIERRE","SERAPHIN, KEVIN",4,2,2,2,1,4,5,0,8,0,2,0,0,0,3,1,BAR,6,316.0
"HANGA, ADAM","HEURTEL, THOMAS","MOERMAN, ADRIEN","NAVARRO, JUAN CARLOS","TOMIC, ANTE",6,7,10,5,2,6,2,0,11,3,3,1,4,0,11,2,BAR,2,389.0
"HANGA, ADAM","HEURTEL, THOMAS","MOERMAN, ADRIEN","ORIOLA, PIERRE","SANDERS, RAKIM",4,7,3,3,0,7,7,0,4,6,4,0,1,0,9,1,BAR,3,365.0
"HANGA, ADAM","HEURTEL, THOMAS","MOERMAN, ADRIEN","RIBAS, PAU","SERAPHIN, KEVIN",10,22,17,4,1,21,16,0,19,2,9,2,4,2,14,5,BAR,6,1001.0
"HANGA, ADAM","HEURTEL, THOMAS","MOERMAN, ADRIEN","SANDERS, RAKIM","SERAPHIN, KEVIN",30,39,14,19,3,40,26,0,39,8,24,10,11,5,32,8,BAR,16,1862.0
"HANGA, ADAM","HEURTEL, THOMAS","ORIOLA, PIERRE","SANDERS, RAKIM","SERAPHIN, KEVIN",13,5,5,4,1,8,4,0,9,1,7,1,9,0,6,2,BAR,4,383.0
"HANGA, ADAM","HEURTEL, THOMAS","ORIOLA, PIERRE","SANDERS, RAKIM","TOMIC, ANTE",2,8,6,3,2,6,2,0,5,0,0,1,6,0,2,1,BAR,3,347.0
"HANGA, ADAM","HEURTEL, THOMAS","RIBAS, PAU","SERAPHIN, KEVIN","VEZENKOV, SASHA",9,12,4,1,0,8,7,0,8,1,3,0,2,1,8,3,BAR,2,445.0
"HANGA, ADAM","KOPONEN, PETTERI","MOERMAN, ADRIEN","RIBAS, PAU","TOMIC, ANTE",3,2,4,5,0,6,4,0,7,0,0,1,1,0,3,0,BAR,3,325.0
"HANGA, ADAM","MOERMAN, ADRIEN","NAVARRO, JUAN CARLOS","RIBAS, PAU","TOMIC, ANTE",29,41,43,14,4,51,29,1,45,9,13,5,29,2,37,18,BAR,21,2149.0
"HECKMANN, PATRICK","HICKMAN, RICKY","RADOSEVIC, LEON","WRIGHT, DORELL","ZISIS, NIKOS",5,7,5,1,0,2,5,0,8,1,2,0,5,0,4,0,BAM,3,334.0
"HEURTEL, THOMAS","KOPONEN, PETTERI","ORIOLA, PIERRE","SANDERS, RAKIM","SERAPHIN, KEVIN",9,7,5,2,1,7,6,0,6,2,2,1,4,0,5,4,BAR,3,358.0
"HICKMAN, RICKY","LO, MAODO","RADOSEVIC, LEON","TAYLOR, BRYCE","WRIGHT, DORELL",6,4,5,7,2,7,6,0,10,0,0,0,0,2,6,3,BAM,8,516.0
"HICKMAN, RICKY","MITROVIC, LUKA","NIKOLIC, ALEKSEJ","RUBIT, AUGUSTINE","ZISIS, NIKOS",10,6,4,0,2,3,6,0,6,1,3,0,3,0,4,1,BAM,1,375.0
"HICKMAN, RICKY","MITROVIC, LUKA","RADOSEVIC, LEON","TAYLOR, BRYCE","ZISIS, NIKOS",4,6,7,2,1,6,5,0,4,1,3,0,3,0,5,0,BAM,4,393.0
"HICKMAN, RICKY","MUSLI, DEJAN","RUBIT, AUGUSTINE","WRIGHT, DORELL","ZISIS, NIKOS",5,7,5,3,0,7,3,0,10,0,6,1,2,1,6,4,BAM,4,401.0
"HICKMAN, RICKY","NIKOLIC, ALEKSEJ","RADOSEVIC, LEON","RUBIT, AUGUSTINE","WRIGHT, DORELL",7,7,3,2,1,6,7,0,6,2,4,1,4,2,7,1,BAM,4,325.0
"HICKMAN, RICKY","RADOSEVIC, LEON","RUBIT, AUGUSTINE","WRIGHT, DORELL","ZISIS, NIKOS",20,21,12,12,2,18,24,0,30,1,11,3,6,4,24,4,BAM,28,1460.0
"HICKMAN, RICKY","RADOSEVIC, LEON","TAYLOR, BRYCE","WRIGHT, DORELL","ZISIS, NIKOS",9,3,3,5,1,5,5,0,8,4,4,1,2,1,4,3,BAM,5,458.0
"HIGGINS, CORY","HINES, KYLE","KURBANOV, NIKITA","RODRIGUEZ, SERGIO","VORONTSEVICH, ANDREY",8,9,4,5,4,10,10,0,8,1,4,1,7,1,7,2,CSK,5,344.0
"HIGGINS, CORY","HUNTER, OTHELLO","KURBANOV, NIKITA","RODRIGUEZ, SERGIO","VORONTSEVICH, ANDREY",7,6,4,3,1,6,7,0,7,4,7,2,4,1,9,1,CSK,3,325.0
"HONEYCUTT, TYLER","MARKOVIC, STEFAN","MONIA, SERGEY","SHVED, ALEXEY","THOMAS, MALCOLM",2,7,6,7,1,11,7,2,6,1,7,1,3,0,8,6,KHI,4,377.0
"HONEYCUTT, TYLER","MARKOVIC, STEFAN","MONIA, SERGEY","SHVED, ALEXEY","TODOROVIC, MARKO",1,5,12,6,0,8,7,0,9,0,6,1,3,0,8,1,KHI,7,553.0
"HONEYCUTT, TYLER","MARKOVIC, STEFAN","MONIA, SERGEY","TODOROVIC, MARKO","VIALTSEV, EGOR",4,1,4,5,1,6,4,0,2,0,3,0,3,0,9,2,KHI,5,412.0
"HUERTAS, MARCELINHO","JANNING, MATT","POIRIER, VINCENT","SHENGELIA, TORNIKE","TIMMA, JANIS",16,25,9,5,3,26,15,0,28,1,10,4,5,0,20,0,BAS,15,1103.0
"HUERTAS, MARCELINHO","JANNING, MATT","SHENGELIA, TORNIKE","TIMMA, JANIS","VOIGTMANN, JOHANNES",12,11,9,6,1,12,15,0,15,0,4,2,2,0,11,2,BAS,5,839.0
"JACKSON, PIERRE","KANE, DEANDRE","PARAKHOUSKI, ARTSIOM","ROLL, MICHAEL","THOMAS, DESHAUN",19,19,12,8,2,19,19,0,23,5,14,6,12,0,20,5,TEL,10,977.0
"JACKSON, PIERRE","KANE, DEANDRE","ROLL, MICHAEL","THOMAS, DESHAUN","TYUS, ALEX",21,20,11,4,2,11,8,1,23,5,10,5,11,0,13,3,TEL,8,1009.0
"JANKUNAS, PAULIUS","KAVALIAUSKAS, ANTANAS","MICIC, VASILIJE","MILAKNIS, ARTURAS","PANGOS, KEVIN",5,4,8,4,0,6,6,0,6,0,8,0,6,1,10,4,ZAL,7,474.0
"JANKUNAS, PAULIUS","KAVALIAUSKAS, ANTANAS","PANGOS, KEVIN","TOUPANE, AXEL","ULANOVAS, EDGARAS",7,13,2,3,1,4,8,0,11,1,1,0,3,1,6,2,ZAL,4,544.0
"JANKUNAS, PAULIUS","MICIC, VASILIJE","MILAKNIS, ARTURAS","PANGOS, KEVIN","ULANOVAS, EDGARAS",10,5,3,4,2,9,8,0,5,6,13,1,3,2,12,0,ZAL,7,449.0
"JANKUNAS, PAULIUS","MICIC, VASILIJE","MILAKNIS, ARTURAS","PANGOS, KEVIN","WHITE, AARON",10,15,7,9,3,17,12,0,9,3,5,1,5,3,16,6,ZAL,5,771.0
"JANKUNAS, PAULIUS","MICIC, VASILIJE","MILAKNIS, ARTURAS","ULANOVAS, EDGARAS","WHITE, AARON",7,8,3,4,1,11,4,0,9,2,4,1,2,0,9,4,ZAL,5,498.0
"JANKUNAS, PAULIUS","MICIC, VASILIJE","MILAKNIS, ARTURAS","VALINSKAS, PAULIUS","WHITE, AARON",4,8,0,3,1,7,11,0,5,2,2,0,2,0,5,4,ZAL,2,370.0
"JANKUNAS, PAULIUS","MICIC, VASILIJE","PANGOS, KEVIN","ULANOVAS, EDGARAS","WHITE, AARON",18,24,4,1,3,18,22,1,16,6,12,2,11,2,16,4,ZAL,11,1046.0
"JANKUNAS, PAULIUS","MILAKNIS, ARTURAS","PANGOS, KEVIN","TOUPANE, AXEL","WHITE, AARON",16,14,5,3,4,13,12,0,15,2,7,1,11,0,11,1,ZAL,6,722.0
"JANKUNAS, PAULIUS","MILAKNIS, ARTURAS","PANGOS, KEVIN","ULANOVAS, EDGARAS","WHITE, AARON",20,28,6,9,5,25,13,0,30,2,16,5,10,3,25,7,ZAL,11,1108.0
"JANKUNAS, PAULIUS","PANGOS, KEVIN","TOUPANE, AXEL","ULANOVAS, EDGARAS","WHITE, AARON",3,10,11,6,2,12,7,1,14,3,15,0,7,2,18,0,ZAL,6,626.0
"JANNING, MATT","POIRIER, VINCENT","SHENGELIA, TORNIKE","TIMMA, JANIS","VILDOZA, LUCA",3,11,3,3,0,11,5,1,9,2,3,0,3,1,6,3,BAS,2,348.0
"JANNING, MATT","SHENGELIA, TORNIKE","TIMMA, JANIS","VILDOZA, LUCA","VOIGTMANN, JOHANNES",6,12,9,3,1,10,10,0,13,4,10,0,8,0,18,3,BAS,11,723.0
"JEFFERSON, CORY","JERRELLS, CURTIS","MICOV, VLADIMIR","TARCZEWSKI, KALEB","THEODORE, JORDAN",7,11,8,2,0,6,10,0,15,2,9,3,7,1,9,0,MIL,7,587.0
"JEFFERSON, CORY","KALNIETIS, MANTAS","MICOV, VLADIMIR","TARCZEWSKI, KALEB","THEODORE, JORDAN",8,12,4,1,0,8,8,0,12,2,11,2,3,2,13,3,MIL,6,512.0
"JENKINS, CHARLES","MARKOVIC, STEFAN","MONIA, SERGEY","ROBINSON, THOMAS","SHVED, ALEXEY",5,9,7,5,0,8,10,0,8,3,12,1,7,2,14,3,KHI,5,438.0
"JENKINS, CHARLES","MARKOVIC, STEFAN","SHVED, ALEXEY","THOMAS, MALCOLM","ZUBKOV, ANDREY",5,8,5,2,0,7,5,0,6,0,1,2,1,0,7,3,KHI,3,329.0
"JERRELLS, CURTIS","KUZMINSKAS, MINDAUGAS","MICOV, VLADIMIR","TARCZEWSKI, KALEB","THEODORE, JORDAN",5,8,1,3,0,5,5,0,8,2,2,0,1,0,6,2,MIL,5,421.0
"KALINIC, NIKOLA","MELLI, NICOLO","SLOUKAS, KOSTAS","VESELY, JAN","WANAMAKER, BRAD",4,7,1,1,0,5,6,0,3,2,7,0,2,0,9,3,ULK,3,353.0
"KALINIC, NIKOLA","NUNNALLY, JAMES","THOMPSON, JASON","VESELY, JAN","WANAMAKER, BRAD",11,14,8,5,2,13,14,0,11,4,10,2,11,3,16,8,ULK,11,702.0
"KAVALIAUSKAS, ANTANAS","MICIC, VASILIJE","MILAKNIS, ARTURAS","PANGOS, KEVIN","ULANOVAS, EDGARAS",6,6,4,2,2,6,9,0,12,4,3,1,2,0,9,2,ZAL,8,454.0
"KAVALIAUSKAS, ANTANAS","MICIC, VASILIJE","MILAKNIS, ARTURAS","PANGOS, KEVIN","WHITE, AARON",15,19,8,7,4,21,11,0,17,3,15,0,10,0,18,4,ZAL,12,847.0
"KAVALIAUSKAS, ANTANAS","MICIC, VASILIJE","MILAKNIS, ARTURAS","UDRIH, BENO","WHITE, AARON",4,7,4,0,1,6,5,0,4,0,0,0,1,1,4,1,ZAL,7,396.0
"KAVALIAUSKAS, ANTANAS","MICIC, VASILIJE","MILAKNIS, ARTURAS","ULANOVAS, EDGARAS","WHITE, AARON",14,11,6,3,1,7,12,1,20,5,11,2,8,3,16,2,ZAL,12,733.0
"KAVALIAUSKAS, ANTANAS","MICIC, VASILIJE","MILAKNIS, ARTURAS","VALINSKAS, PAULIUS","WHITE, AARON",4,13,2,4,0,12,7,0,7,0,3,0,2,0,7,3,ZAL,2,457.0
"KAVALIAUSKAS, ANTANAS","MICIC, VASILIJE","PANGOS, KEVIN","ULANOVAS, EDGARAS","WHITE, AARON",8,11,2,3,2,12,14,0,10,4,8,1,3,1,14,3,ZAL,12,661.0
"KAVALIAUSKAS, ANTANAS","MILAKNIS, ARTURAS","PANGOS, KEVIN","TOUPANE, AXEL","WHITE, AARON",6,5,3,2,2,6,9,0,9,4,8,0,5,0,9,0,ZAL,2,366.0
"KAVALIAUSKAS, ANTANAS","MILAKNIS, ARTURAS","PANGOS, KEVIN","ULANOVAS, EDGARAS","WHITE, AARON",5,10,2,3,0,8,8,0,13,0,5,0,2,0,13,1,ZAL,2,345.0
"KAVALIAUSKAS, ANTANAS","PANGOS, KEVIN","TOUPANE, AXEL","ULANOVAS, EDGARAS","WHITE, AARON",8,14,7,6,1,12,11,0,9,2,5,1,7,0,15,2,ZAL,6,717.0
"KOPONEN, PETTERI","ORIOLA, PIERRE","PRESSEY, PHIL","RIBAS, PAU","TOMIC, ANTE",7,7,7,3,0,6,11,0,9,1,2,0,2,0,5,2,BAR,2,432.0
"LEKAVICIUS, LUKAS","PAPPAS, NIKOS","RIVERS, KC","SINGLETON, CHRIS","VOUGIOUKAS, IAN",4,3,1,3,0,1,8,0,8,2,6,0,3,0,8,1,PAN,9,389.0
"LO, MAODO","MITROVIC, LUKA","MUSLI, DEJAN","WRIGHT, DORELL","ZISIS, NIKOS",3,4,4,1,1,1,7,0,5,0,2,0,2,0,3,2,BAM,7,308.0
"LO, MAODO","MUSLI, DEJAN","STAIGER, LUCCA","WRIGHT, DORELL","ZISIS, NIKOS",3,5,1,4,1,11,4,0,4,2,5,1,2,0,4,3,BAM,3,363.0
"LO, MAODO","STAIGER, LUCCA","WRIGHT, DORELL","WRIGHT, DORELL","ZISIS, NIKOS",1,2,4,5,2,6,7,0,7,1,2,0,2,2,5,1,BAM,6,315.0
"MANTZARIS, VANGELIS","MCLEAN, JAMEL","PAPANIKOLAOU, KOSTAS","PRINTEZIS, GEORGIOS","SPANOULIS, VASSILIS",5,9,4,0,1,10,5,1,4,3,16,2,4,0,11,1,OLY,3,324.0
"MANTZARIS, VANGELIS","MCLEAN, JAMEL","PAPANIKOLAOU, KOSTAS","PRINTEZIS, GEORGIOS","STRELNIEKS, JANIS",4,8,3,4,0,5,6,0,5,0,4,1,2,1,5,3,OLY,3,450.0
"MANTZARIS, VANGELIS","MCLEAN, JAMEL","PAPAPETROU, IOANNIS","PRINTEZIS, GEORGIOS","SPANOULIS, VASSILIS",6,4,4,7,1,11,8,0,9,3,7,1,5,0,11,4,OLY,2,486.0
"MANTZARIS, VANGELIS","MCLEAN, JAMEL","PAPAPETROU, IOANNIS","PRINTEZIS, GEORGIOS","STRELNIEKS, JANIS",9,4,6,1,2,5,6,0,1,1,2,0,5,1,7,5,OLY,1,344.0
"MANTZARIS, VANGELIS","MCLEAN, JAMEL","STRELNIEKS, JANIS","THOMPSON, HOLLIS","WILTJER, KYLE",4,7,8,3,0,4,7,0,11,2,14,1,8,1,14,1,OLY,10,498.0
"MANTZARIS, VANGELIS","MILUTINOV, NIKOLA","PAPANIKOLAOU, KOSTAS","PRINTEZIS, GEORGIOS","SPANOULIS, VASSILIS",33,48,24,13,9,40,29,2,54,3,30,3,14,2,45,14,OLY,19,2203.0
"MANTZARIS, VANGELIS","MILUTINOV, NIKOLA","PAPANIKOLAOU, KOSTAS","PRINTEZIS, GEORGIOS","STRELNIEKS, JANIS",10,12,10,8,2,17,6,0,13,2,10,3,9,1,13,7,OLY,11,864.0
"MANTZARIS, VANGELIS","MILUTINOV, NIKOLA","PAPAPETROU, IOANNIS","PRINTEZIS, GEORGIOS","SPANOULIS, VASSILIS",10,18,16,2,3,12,11,0,19,4,11,2,10,1,10,3,OLY,5,738.0
"MANTZARIS, VANGELIS","MILUTINOV, NIKOLA","PAPAPETROU, IOANNIS","PRINTEZIS, GEORGIOS","STRELNIEKS, JANIS",7,18,6,1,0,8,7,0,13,3,5,1,2,0,14,2,OLY,5,623.0
"MANTZARIS, VANGELIS","MILUTINOV, NIKOLA","PAPAPETROU, IOANNIS","SPANOULIS, VASSILIS","TILLIE, KIM",9,11,10,7,2,11,3,0,16,1,4,1,9,1,10,1,OLY,3,559.0
"MANTZARIS, VANGELIS","PAPANIKOLAOU, KOSTAS","PAPAPETROU, IOANNIS","PRINTEZIS, GEORGIOS","SPANOULIS, VASSILIS",7,9,2,3,1,9,8,0,11,2,5,0,2,0,10,3,OLY,3,340.0
"MANTZARIS, VANGELIS","PAPANIKOLAOU, KOSTAS","PAPAPETROU, IOANNIS","PRINTEZIS, GEORGIOS","STRELNIEKS, JANIS",3,7,4,2,0,5,5,0,8,3,5,1,3,0,5,0,OLY,2,316.0
"MARKOVIC, STEFAN","SHVED, ALEXEY","THOMAS, MALCOLM","VIALTSEV, EGOR","ZUBKOV, ANDREY",6,4,6,3,1,3,7,0,6,0,3,0,3,2,5,3,KHI,6,415.0
"MCCALLUM, RAY","MILOSAVLJEVIC, DRAGAN","NEDOVIC, NEMANJA","SHERMADINI, GIORGI","SUAREZ, CARLOS",11,9,6,1,2,5,5,0,5,3,5,0,5,0,15,2,MAL,6,484.0
"MCCALLUM, RAY","NEDOVIC, NEMANJA","SHERMADINI, GIORGI","SUAREZ, CARLOS","WACZYNSKI, ADAM",8,7,7,4,2,9,3,0,13,1,6,3,3,0,9,2,MAL,5,449.0
"MCCALLUM, RAY","SALIN, SASU","SHERMADINI, GIORGI","SUAREZ, CARLOS","WACZYNSKI, ADAM",11,11,7,2,2,8,5,0,12,1,2,1,7,1,10,3,MAL,7,530.0
"MCLEAN, JAMEL","PAPANIKOLAOU, KOSTAS","PAPAPETROU, IOANNIS","SPANOULIS, VASSILIS","STRELNIEKS, JANIS",0,9,8,1,0,8,4,0,8,1,9,1,2,1,8,1,OLY,4,368.0
"MCLEAN, JAMEL","PAPANIKOLAOU, KOSTAS","PRINTEZIS, GEORGIOS","ROBERTS, BRIAN","STRELNIEKS, JANIS",8,7,4,2,1,7,5,0,16,6,9,0,3,1,11,5,OLY,6,467.0
"MCLEAN, JAMEL","PAPAPETROU, IOANNIS","PRINTEZIS, GEORGIOS","ROBERTS, BRIAN","SPANOULIS, VASSILIS",11,9,9,1,1,6,7,0,10,7,16,0,8,1,13,0,OLY,6,569.0
"MCLEAN, JAMEL","PAPAPETROU, IOANNIS","ROBERTS, BRIAN","STRELNIEKS, JANIS","THOMPSON, HOLLIS",4,5,6,3,2,4,8,0,8,0,4,1,4,0,8,0,OLY,5,403.0
"MCLEAN, JAMEL","ROBERTS, BRIAN","STRELNIEKS, JANIS","THOMPSON, HOLLIS","WILTJER, KYLE",4,4,3,6,2,5,10,0,8,1,4,0,1,2,9,0,OLY,4,378.0
"MELLI, NICOLO","NUNNALLY, JAMES","SLOUKAS, KOSTAS","THOMPSON, JASON","WANAMAKER, BRAD",13,12,4,4,2,10,10,0,13,2,8,0,6,1,11,9,ULK,4,678.0
"MELLI, NICOLO","NUNNALLY, JAMES","SLOUKAS, KOSTAS","VESELY, JAN","WANAMAKER, BRAD",12,14,8,4,2,9,9,0,11,2,5,2,3,0,7,7,ULK,10,876.0
"MILUTINOV, NIKOLA","PAPANIKOLAOU, KOSTAS","PAPAPETROU, IOANNIS","PRINTEZIS, GEORGIOS","ROBERTS, BRIAN",11,14,3,1,1,8,6,0,16,0,4,2,1,3,12,2,OLY,7,542.0
"MILUTINOV, NIKOLA","PAPANIKOLAOU, KOSTAS","PRINTEZIS, GEORGIOS","ROBERTS, BRIAN","SPANOULIS, VASSILIS",15,14,16,8,4,16,17,0,19,4,16,1,13,0,20,7,OLY,6,1061.0
"MILUTINOV, NIKOLA","PAPANIKOLAOU, KOSTAS","PRINTEZIS, GEORGIOS","ROBERTS, BRIAN","STRELNIEKS, JANIS",12,16,6,3,2,11,12,0,17,0,8,0,9,1,14,4,OLY,10,739.0
"MILUTINOV, NIKOLA","PAPANIKOLAOU, KOSTAS","PRINTEZIS, GEORGIOS","ROBERTS, BRIAN","THOMPSON, HOLLIS",23,25,14,4,3,16,8,1,34,1,5,1,9,1,18,8,OLY,14,1174.0
"MILUTINOV, NIKOLA","PAPAPETROU, IOANNIS","PRINTEZIS, GEORGIOS","ROBERTS, BRIAN","SPANOULIS, VASSILIS",18,19,5,2,0,15,12,0,14,2,13,2,10,0,12,4,OLY,7,864.0
"MILUTINOV, NIKOLA","PAPAPETROU, IOANNIS","PRINTEZIS, GEORGIOS","ROBERTS, BRIAN","THOMPSON, HOLLIS",7,9,3,3,0,9,6,0,10,1,4,1,4,1,6,1,OLY,3,425.0
"MILUTINOV, NIKOLA","PAPAPETROU, IOANNIS","ROBERTS, BRIAN","SPANOULIS, VASSILIS","THOMPSON, HOLLIS",3,8,3,4,1,5,5,0,7,2,5,1,1,0,9,2,OLY,5,390.0
"MILUTINOV, NIKOLA","PAPAPETROU, IOANNIS","ROBERTS, BRIAN","SPANOULIS, VASSILIS","TILLIE, KIM",2,13,4,2,0,6,8,0,10,0,2,0,3,1,2,0,OLY,9,538.0
"MILUTINOV, NIKOLA","PAPAPETROU, IOANNIS","ROBERTS, BRIAN","STRELNIEKS, JANIS","THOMPSON, HOLLIS",5,5,3,3,0,7,7,0,11,1,6,2,1,2,6,0,OLY,5,390.0
"MILUTINOV, NIKOLA","PRINTEZIS, GEORGIOS","ROBERTS, BRIAN","STRELNIEKS, JANIS","THOMPSON, HOLLIS",5,3,3,2,1,3,6,0,8,2,7,0,0,0,9,2,OLY,4,433.0
